ID,Latitude,Longitude,genomelen_bp,GC,mapped_bases,perc_cov,avg_depth
SRR2016482,44.90415,-93.190417,706713.0,46.2534295966156,0.0,0.0,0.0
SRR1169878,44.7488,-92.8057,706713.0,46.2534295966156,0.0,0.0,0.0
SRR1169859,47.3473,-95.1825,706713.0,46.2534295966156,0.0,0.0,0.0
SRR947737,34.261117,-83.950069,706713.0,46.2534295966156,0.0,0.0,0.0
SRR12685684,46.87153,-91.10558,706713.0,46.2534295966156,36538.0,3.200890197435169,0.0517014061224287
SRR12685685,46.89501,-91.09353,706713.0,46.2534295966156,33513.0,3.0198825357677017,0.0474210315021798
SRR12685686,46.94913,-91.10256,706713.0,46.2534295966156,28231.0,2.5373805781130385,0.0399469371852505
SRR12685687,46.9443,-90.99678,706713.0,46.2534295966156,41213.0,3.912882232815867,0.0583164053682329
SRR12676966,49.66,-93.72,706713.0,46.2534295966156,5257.0,0.6244311972469729,0.0074384919620836
SRR12676967,49.66,-93.75,706713.0,46.2534295966156,9604.0,1.0264367893331523,0.0135899786363063
SRR12676971,49.7,-93.73,706713.0,46.2534295966156,2633.0,0.3210650808744144,0.0037255889745908
SRR12676970,49.69,-93.69,706713.0,46.2534295966156,8027.0,0.6830073513576234,0.0113580618638683
SRR12676972,49.69,-93.69,706713.0,46.2534295966156,26401.0,1.5011772457843564,0.0373573208063244
SRR12676973,49.69,-93.69,706713.0,46.2534295966156,19359.0,1.1631262376664924,0.0273930329313313
SRR12676974,49.69,-93.69,706713.0,46.2534295966156,3524.0,0.4202477342287463,0.0049866035774069
SRR12676975,49.69,-93.69,706713.0,46.2534295966156,5691.0,0.5637250701487025,0.0080527616981716
SRR12486991,37.304056,127.618611,706713.0,46.2534295966156,0.0,0.0,0.0
SRR12486992,37.304056,127.618611,706713.0,46.2534295966156,0.0,0.0,0.0
SRR12486994,37.304056,127.618611,706713.0,46.2534295966156,0.0,0.0,0.0
SRR12486995,35.364169,127.146461,706713.0,46.2534295966156,7097.0,0.6330523150133082,0.0100422586042707
SRR12486997,35.364169,127.146461,706713.0,46.2534295966156,12978.0,1.1934253198964786,0.0183639265967938
SRR12486998,35.610764,126.850397,706713.0,46.2534295966156,1359.0,0.1850951582891498,0.0019231137632957
SRR12487000,35.610764,126.850397,706713.0,46.2534295966156,905.0,0.1119157116113613,0.0012806010332341
SRR12487001,35.927978,128.311344,706713.0,46.2534295966156,25207.0,2.101139027724126,0.0356679990731739
SRR12487002,37.141433,127.6271,706713.0,46.2534295966156,151.0,0.0213667406712484,0.0002136674067124
SRR12487005,36.408139,128.261722,706713.0,46.2534295966156,7847.0,0.7706002382862631,0.0111035417248586
SRR12487007,36.408139,128.261722,706713.0,46.2534295966156,10267.0,0.81784701370995,0.014527866123872
SRR12487010,35.880608,127.032675,706713.0,46.2534295966156,2718.0,0.2730809400704387,0.0038460014093415
SRR12487011,35.921444,127.065972,706713.0,46.2534295966156,50864.0,4.035326344782111,0.0719729349594531
SRR12487012,35.921444,127.065972,706713.0,46.2534295966156,33654.0,2.781740744828523,0.0476204961193582
SRR12487015,35.921444,127.065972,706713.0,46.2534295966156,69736.0,4.398259608497368,0.0986767861210986
SRR12487016,35.921444,127.065972,706713.0,46.2534295966156,16600.0,1.8857745643563932,0.0234891107337773
SRR12487019,35.921444,127.065972,706713.0,46.2534295966156,18263.0,1.4951076037939022,0.0258421242215722
SRR12487020,35.921444,127.065972,706713.0,46.2534295966156,604.0,0.0854744138002272,0.0008547441380022
SRR12487021,35.921444,127.065972,706713.0,46.2534295966156,2868.0,0.3182536039382323,0.0040581253917785
SRR12487023,35.921444,127.065972,706713.0,46.2534295966156,6640.0,0.705503512316881,0.0093955323943382
SRR12487024,37.141433,127.6271,706713.0,46.2534295966156,604.0,0.0233377648352301,0.0008546696268499
SRR12487025,36.461306,127.095889,706713.0,46.2534295966156,604.0,0.0854755541499873,0.0008547555414998
SRR12487027,36.461306,127.095889,706713.0,46.2534295966156,906.0,0.1282082936071644,0.0012820829360716
SRR12487028,36.766103,127.443383,706713.0,46.2534295966156,1661.0,0.1484386359101926,0.0023503325239524
SRR12487030,36.766103,127.443383,706713.0,46.2534295966156,2869.0,0.2697041395870742,0.0040595723171924
SRR12487031,36.766103,127.443383,706713.0,46.2534295966156,27924.0,2.172433635860668,0.0395125131064519
SRR12487034,37.806611,126.787083,706713.0,46.2534295966156,12982.0,1.0550249177530342,0.018369658882743
SRR12487035,36.969389,127.894244,706713.0,46.2534295966156,1207.0,0.1358441016367323,0.0017079488080734
SRR12487037,37.806611,126.787083,706713.0,46.2534295966156,11624.0,1.056154809661065,0.0164480941018489
SRR12487038,37.449944,127.658194,706713.0,46.2534295966156,1208.0,0.1444916421517645,0.0017095110829997
SRR12487040,37.449944,127.658194,706713.0,46.2534295966156,9663.0,0.5551076680349732,0.0136733256399698
SRR12487041,37.304056,127.618611,706713.0,46.2534295966156,32605.0,3.092629044888094,0.0461363412714921
SRR12487043,37.304056,127.618611,706713.0,46.2534295966156,37275.0,3.27192763823504,0.0527444551550629
SRR12487044,37.304056,127.618611,706713.0,46.2534295966156,453.0,0.0641106873653095,0.000641106873653
SRR12487047,36.969389,127.894244,706713.0,46.2534295966156,2112.0,0.2263898391567722,0.0029883373377877
SRR12261223,43.099,-89.405,706713.0,46.2534295966156,604.0,0.0788259822587103,0.0008547841485864
SRR12261225,43.099,-89.405,706713.0,46.2534295966156,151.0,0.0213718737309204,0.0002137187373092
SRR12261226,43.099,-89.405,706713.0,46.2534295966156,0.0,0.0,0.0
SRR12261227,43.099,-89.405,706713.0,46.2534295966156,302.0,0.042738813634389,0.0004273881363438
SRR10132616,40.02722,116.3567,706713.0,46.2534295966156,8097.0,1.02164327584182,0.011457203712115
SRR10132617,40.02694,116.3528,706713.0,46.2534295966156,8097.0,0.8707911525612235,0.0114570875022816
SRR10132618,40.02639,116.3489,706713.0,46.2534295966156,8692.0,0.9985527372497748,0.0122992020197732
SRR10132627,40.02778,116.3606,706713.0,46.2534295966156,298.0,0.0366513322947221,0.000421652495426
SRR10132640,40.02722,116.3567,706713.0,46.2534295966156,5696.0,0.6290942911761919,0.0080598836076313
SRR10132641,40.02694,116.3528,706713.0,46.2534295966156,7948.0,0.9013459472232715,0.0112464837395095
SRR10132648,40.02722,116.3567,706713.0,46.2534295966156,6594.0,0.7923706298030458,0.0093302911408167
SRR10132658,39.90611,116.5347,706713.0,46.2534295966156,26525.0,2.2488711986336742,0.0375330008037208
SRR10132659,39.90667,116.5303,706713.0,46.2534295966156,18140.0,1.7733939735083408,0.0256680752582731
SRR10132660,39.90722,116.5253,706713.0,46.2534295966156,34029.0,2.438621777298564,0.0481512227707711
SRR10132663,39.90556,116.5478,706713.0,46.2534295966156,39421.0,2.6727799406548343,0.055780616336476
SRR10132664,39.90583,116.5436,706713.0,46.2534295966156,18887.0,1.7232093400008206,0.026725289652235
SRR10132666,39.90667,116.5303,706713.0,46.2534295966156,20677.0,1.897805277531332,0.0292579110699817
SRR10132668,39.90722,116.5253,706713.0,46.2534295966156,15592.0,1.6664435233255932,0.0220628400227532
SRR10132673,39.90611,116.5347,706713.0,46.2534295966156,1800.0,0.2157856233011137,0.002547055260056
SRR10132675,39.90722,116.5253,706713.0,46.2534295966156,3145.0,0.4048335133215322,0.0044500954291204
SRR10132680,39.90583,116.5436,706713.0,46.2534295966156,3449.0,0.4850637776579743,0.0048801003717209
SRR10132681,39.90611,116.5347,706713.0,46.2534295966156,450.0,0.0636585700277198,0.0006365857002771
SRR10132682,39.90667,116.5303,706713.0,46.2534295966156,300.0,0.0424598748006616,0.0004245987480066
SRR10132685,39.90639,116.5525,706713.0,46.2534295966156,0.0,0.0,0.0
SRR10132686,39.90556,116.5478,706713.0,46.2534295966156,150.0,0.0212152476323486,0.0002121524763234
SRR10132687,39.90583,116.5436,706713.0,46.2534295966156,150.0,0.0212267794705913,0.0002122677947059
SRR10132688,39.90611,116.5347,706713.0,46.2534295966156,34487.0,2.717084729727626,0.0487991418963568
SRR10132690,39.90667,116.5303,706713.0,46.2534295966156,20235.0,2.077794786426739,0.0286324987399411
SRR10132691,39.90722,116.5253,706713.0,46.2534295966156,15883.0,1.4249207925989755,0.0224741528201688
SRR10132695,39.90583,116.5436,706713.0,46.2534295966156,8098.0,0.9413871625398146,0.0114585843673457
SRR10132697,39.90667,116.5303,706713.0,46.2534295966156,17388.0,1.655987187019342,0.0246038814214539
SRR10036018,38.943062,-94.593613,706713.0,46.2534295966156,7497.0,0.8798464102117833,0.0106084099528379
SRR10036019,38.903159,-94.578199,706713.0,46.2534295966156,3374.0,0.3299755958925335,0.0047740935429233
SRR10036020,38.903159,-94.578199,706713.0,46.2534295966156,4250.0,0.4656795590289128,0.0060139986656535
SRR10036021,39.119258,-94.476065,706713.0,46.2534295966156,9869.0,1.0773853233207824,0.0139646621867717
SRR10036022,39.119258,-94.476065,706713.0,46.2534295966156,3000.0,0.3717366474084954,0.0042453209662196
SRR10036023,39.119258,-94.476065,706713.0,46.2534295966156,3125.0,0.4011664566804346,0.0044218838085616
SRR10036024,39.119097,-94.489562,706713.0,46.2534295966156,12995.0,1.384865715927116,0.0183878167120174
SRR10036025,38.939143,-94.561442,706713.0,46.2534295966156,2500.0,0.1448863346223997,0.0035372928812686
SRR10036026,39.119097,-94.489562,706713.0,46.2534295966156,11745.0,1.2344375179174574,0.0166190482713633
SRR10036027,39.119097,-94.489562,706713.0,46.2534295966156,13747.0,1.491121956579262,0.0194519959587555
SRR10036028,39.087112,-94.49946,706713.0,46.2534295966156,7370.0,0.8709354179136368,0.0104285940968964
SRR10036029,39.087112,-94.49946,706713.0,46.2534295966156,1248.0,0.1422142125587048,0.0017660229371753
SRR10036030,39.087112,-94.49946,706713.0,46.2534295966156,7000.0,0.7113386477962058,0.0099052109908831
SRR10036031,39.017381,-94.521087,706713.0,46.2534295966156,2124.0,0.2384228343047319,0.0030055203215449
SRR10036032,39.017381,-94.521087,706713.0,46.2534295966156,4247.0,0.4072505284323339,0.0060096807190471
SRR10036033,39.017381,-94.521087,706713.0,46.2534295966156,4373.0,0.4975153543234665,0.0061878108312709
SRR10036034,38.943062,-94.593613,706713.0,46.2534295966156,15740.0,1.6121327640782044,0.0222722939255397
SRR10036035,38.943062,-94.593613,706713.0,46.2534295966156,7620.0,0.8935947185066639,0.0107824139134273
SRR10036036,38.939143,-94.561442,706713.0,46.2534295966156,5248.0,0.4736076439799466,0.0074257731695893
SRR10036037,38.932129,-94.61322,706713.0,46.2534295966156,14238.0,1.4676475525425454,0.0201465948822223
SRR10036038,38.932129,-94.61322,706713.0,46.2534295966156,3999.0,0.5133643087080612,0.0056585852672867
SRR10036039,38.932129,-94.61322,706713.0,46.2534295966156,4498.0,0.5874995919135491,0.0063647452516085
SRR10036040,38.93085,-94.631627,706713.0,46.2534295966156,17366.0,1.672691990100649,0.0245728670705081
SRR10036041,38.93085,-94.631627,706713.0,46.2534295966156,12242.0,1.3483774711941057,0.0173222609163833
SRR10036042,38.93085,-94.631627,706713.0,46.2534295966156,29109.0,2.6674346733398138,0.0411892001335761
SRR10036043,38.922873,-94.625833,706713.0,46.2534295966156,4247.0,0.4344269079527333,0.0060095408659526
SRR10036044,38.922873,-94.625833,706713.0,46.2534295966156,3123.0,0.3200968390280071,0.004419204613471
SRR10036045,38.922873,-94.625833,706713.0,46.2534295966156,6999.0,0.7437203417794778,0.0099035752688856
SRR10036046,38.956451,-94.560134,706713.0,46.2534295966156,12367.0,1.2597689351971733,0.0174990847911386
SRR10036047,38.9002091,-94.6489961,706713.0,46.2534295966156,1000.0,0.0895773606824835,0.0014151594423761
SRR10036048,38.9002091,-94.6489961,706713.0,46.2534295966156,1125.0,0.1413551943999898,0.0015918960808701
SRR10036049,38.9002091,-94.6489961,706713.0,46.2534295966156,1500.0,0.1800224473018042,0.0021226930408808
SRR10036050,38.942513,-94.737143,706713.0,46.2534295966156,875.0,0.1238275347984259,0.0012382753479842
SRR10036051,38.942513,-94.737143,706713.0,46.2534295966156,1000.0,0.1290687075234218,0.0014150747375525
SRR10036052,38.942513,-94.737143,706713.0,46.2534295966156,500.0,0.0707536093152383,0.0007075360931523
SRR10036053,38.900837,-94.739828,706713.0,46.2534295966156,8623.0,1.0148474005713777,0.0122015954694479
SRR10036054,38.900837,-94.739828,706713.0,46.2534295966156,8870.0,1.0466791621209743,0.0125510506556409
SRR10036055,38.900837,-94.739828,706713.0,46.2534295966156,22108.0,2.235859161356873,0.0312828991967036
SRR10036056,38.93288,-94.69652,706713.0,46.2534295966156,7995.0,0.9841332025871888,0.0113129704066573
SRR10036057,38.956451,-94.560134,706713.0,46.2534295966156,30725.0,2.490130614832329,0.0434759395242481
SRR10036058,38.93288,-94.69652,706713.0,46.2534295966156,6745.0,0.8552164501006773,0.0095441643481866
SRR10036059,38.93288,-94.69652,706713.0,46.2534295966156,6243.0,0.7476751695525624,0.0088339994028693
SRR10036060,38.92075,-94.699529,706713.0,46.2534295966156,749.0,0.1059934268932367,0.0010599342689323
SRR10036061,38.92075,-94.699529,706713.0,46.2534295966156,1749.0,0.2474998959973851,0.0024749989599738
SRR10036063,38.925804,-94.697055,706713.0,46.2534295966156,6622.0,0.8442026328934095,0.0093702664858294
SRR10036064,38.925804,-94.697055,706713.0,46.2534295966156,6373.0,0.85535669670715,0.0090178428343613
SRR10036068,38.956451,-94.560134,706713.0,46.2534295966156,25732.0,2.226646274088633,0.036410818102964
SRR10036070,38.818864,-94.778833,706713.0,46.2534295966156,1373.0,0.1942770827761764,0.0019427708277617
SRR10036072,38.818864,-94.778833,706713.0,46.2534295966156,3745.0,0.5040528890794423,0.0052992332106526
SRR10036073,38.813318,-94.670967,706713.0,46.2534295966156,750.0,0.0745700970549572,0.0010612745202083
SRR10036074,38.813318,-94.670967,706713.0,46.2534295966156,375.0,0.0275943382957438,0.0005307087403231
SRR10036075,38.813318,-94.670967,706713.0,46.2534295966156,375.0,0.0319767218092775,0.0005307087403231
SRR10036076,38.842448,-94.612554,706713.0,46.2534295966156,1625.0,0.1962727027803365,0.0022993924351186
SRR10036077,38.842448,-94.612554,706713.0,46.2534295966156,4498.0,0.4799920853302543,0.0063645614683754
SRR10036078,38.842448,-94.612554,706713.0,46.2534295966156,4996.0,0.5392762320772365,0.0070694799076852
SRR10036079,38.952958,-94.563948,706713.0,46.2534295966156,64316.0,4.0082637111529005,0.0910070253356029
SRR10036080,38.854923,-94.615853,706713.0,46.2534295966156,1874.0,0.2535679182355497,0.0026516341145556
SRR10036081,38.854923,-94.615853,706713.0,46.2534295966156,4622.0,0.5599128053396499,0.0065400484510685
SRR10036082,38.854923,-94.615853,706713.0,46.2534295966156,3999.0,0.5010524450519518,0.0056584488597209
SRR10036083,38.891412,-94.583257,706713.0,46.2534295966156,1875.0,0.1634413846922301,0.0026530559095417
SRR10036085,38.891412,-94.583257,706713.0,46.2534295966156,3500.0,0.3342373075067247,0.0049524983140256
SRR10036086,38.939143,-94.561442,706713.0,46.2534295966156,2250.0,0.2709570198935069,0.0031836179099577
SRR10036087,38.939143,-94.561442,706713.0,46.2534295966156,1375.0,0.1218242718048203,0.0019456345079261
SRR10036088,38.939143,-94.561442,706713.0,46.2534295966156,2749.0,0.3040880988463492,0.003890125833259
SRR10036089,38.903159,-94.578199,706713.0,46.2534295966156,3250.0,0.2999778047099742,0.0045988650597908
SRR10036090,38.952958,-94.563948,706713.0,46.2534295966156,79325.0,4.146521939599243,0.1122449547001399
SRR10036091,38.952958,-94.563948,706713.0,46.2534295966156,109434.0,4.916847078658522,0.1548494530495406
SRR9302958,27.71,100.78,706713.0,46.2534295966156,899.0,0.075283599141377,0.0012720569651329
SRR9302959,24.48,102.88,706713.0,46.2534295966156,0.0,0.0,0.0
SRR9302960,24.57,102.89,706713.0,46.2534295966156,150.0,0.0212152476323486,0.0002121524763234
SRR9302961,25.9,100.15,706713.0,46.2534295966156,0.0,0.0,0.0
SRR9302962,25.94,100.16,706713.0,46.2534295966156,899.0,0.1025730312021994,0.0012720837893175
SRR9302963,24.36,102.79,706713.0,46.2534295966156,150.0,0.0212199622760583,0.0002121996227605
SRR9302965,24.95,102.66,706713.0,46.2534295966156,450.0,0.0636667040227079,0.000636667040227
SRR9289418,41.6656,-87.5497,706713.0,46.2534295966156,303.0,0.0428969987816836,0.0004287532845723
SRR9214414,48.616034,14.676594,706713.0,46.2534295966156,136027.0,3.777922614130488,0.1924785753042607
SRR9214415,48.616034,14.676594,706713.0,46.2534295966156,121940.0,3.5070782849615045,0.1725453703441142
SRR9199084,48.616034,14.676594,706713.0,46.2534295966156,67955.0,2.338992912115668,0.096156496877799
SRR9214417,48.616034,14.676594,706713.0,46.2534295966156,51193.0,2.7701535943162217,0.0724381295150931
SRR9214418,48.616034,14.676594,706713.0,46.2534295966156,16492.0,0.9268189811139742,0.0233362716661501
SRR9061264,39.27763,117.5778,706713.0,46.2534295966156,0.0,0.0,0.0
SRR9061265,39.38984,117.5044,706713.0,46.2534295966156,150.0,0.0212179185893,0.000212179185893
SRR9061268,39.97084,116.7628,706713.0,46.2534295966156,150.0,0.0212330953300703,0.0002123309533007
SRR9061269,39.90758,116.7813,706713.0,46.2534295966156,0.0,0.0,0.0
SRR9061271,39.97084,116.7628,706713.0,46.2534295966156,5694.0,0.6716966719163224,0.008057228106742
SRR9061272,39.90604,116.7613,706713.0,46.2534295966156,150.0,0.0212330953300703,0.0002123309533007
SRR9061273,40.33768,116.7958,706713.0,46.2534295966156,150.0,0.0212330953300703,0.0002123309533007
SRR9061276,40.34758,116.8168,706713.0,46.2534295966156,0.0,0.0,0.0
SRR9061277,40.36955,116.8359,706713.0,46.2534295966156,749.0,0.1044163517580687,0.0010597066984759
SRR9061278,40.65039,117.1777,706713.0,46.2534295966156,34471.0,2.793215646662789,0.0487764856030665
SRR9061279,40.61254,116.7956,706713.0,46.2534295966156,10650.0,1.413723160321092,0.0150699747733521
SRR9061281,40.68011,117.1267,706713.0,46.2534295966156,29837.0,2.5646866815807834,0.0422194808486613
SRR9061283,40.40766,116.8471,706713.0,46.2534295966156,135598.0,16.6101183709653,0.1918712044380109
SRR9061284,39.15497,117.6609,706713.0,46.2534295966156,0.0,0.0,0.0
SRR9061286,40.1023,116.7319,706713.0,46.2534295966156,300.0,0.042451025380883,0.0004245102538088
SRR9061287,40.04623,116.7651,706713.0,46.2534295966156,450.0,0.060286842607961,0.0006366741322149
SRR9061288,40.12949,116.6711,706713.0,46.2534295966156,150.0,0.0212199622760583,0.0002121996227605
SRR9061289,40.34758,116.8168,706713.0,46.2534295966156,150.0,0.0212152476323486,0.0002121524763234
SRR9061290,40.56488,116.8022,706713.0,46.2534295966156,2999.0,0.3973448763500883,0.004243541206968
SRR9061291,40.61254,116.7956,706713.0,46.2534295966156,6300.0,0.8657030779114011,0.0089146413466286
SRR9061292,40.63165,116.775,706713.0,46.2534295966156,6444.0,0.8580455057427839,0.0091183169320502
SRR9061293,40.65438,116.775,706713.0,46.2534295966156,10041.0,1.300247493961481,0.0142080206123277
SRR9061296,40.36955,116.8359,706713.0,46.2534295966156,300.0,0.0346606696070399,0.0004243992455211
SRR9061297,40.40766,116.8471,706713.0,46.2534295966156,150.0,0.0212152476323486,0.0002121524763234
SRR9061298,39.47033,117.479,706713.0,46.2534295966156,150.0,0.0212199622760583,0.0002121996227605
SRR9061299,40.65039,117.1777,706713.0,46.2534295966156,3000.0,0.3939544295916447,0.0042449974317721
SRR9061300,40.43775,116.9959,706713.0,46.2534295966156,0.0,0.0,0.0
SRR9061301,40.39061,116.9106,706713.0,46.2534295966156,599.0,0.0820702333196078,0.0008475735355087
SRR9061302,39.76123,117.1858,706713.0,46.2534295966156,0.0,0.0,0.0
SRR9061304,39.67972,117.2903,706713.0,46.2534295966156,0.0,0.0,0.0
SRR9061305,39.60959,117.3882,706713.0,46.2534295966156,299.0,0.0362211626218847,0.0004229965657912
SRR9061306,40.34765,116.8369,706713.0,46.2534295966156,0.0,0.0,0.0
SRR9061307,40.72984,116.6237,706713.0,46.2534295966156,18143.0,2.088674128252912,0.0256726016190447
SRR9061308,40.61254,116.7956,706713.0,46.2534295966156,21747.0,2.6594874236076027,0.0307719223602792
SRR9061309,40.40766,116.8471,706713.0,46.2534295966156,4648.0,0.5737909923830465,0.0065767648083451
SRR9061310,40.34765,116.8369,706713.0,46.2534295966156,1048.0,0.144027675166581,0.0014827505875793
SRR9061315,39.47033,117.479,706713.0,46.2534295966156,9743.0,1.0363491694648324,0.0137862258795296
SRR9061317,40.43775,116.9959,706713.0,46.2534295966156,450.0,0.063666261551719,0.0006366626155171
SRR9061318,39.73796,117.1294,706713.0,46.2534295966156,0.0,0.0,0.0
SRR9061324,40.33768,116.7958,706713.0,46.2534295966156,150.0,0.0212199622760583,0.0002121996227605
SRR9061325,40.34758,116.8168,706713.0,46.2534295966156,2397.0,0.319375478730404,0.0033917017771004
SRR9061327,40.1023,116.7319,706713.0,46.2534295966156,1197.0,0.1649830724777951,0.0016938214834027
SRR9061328,39.27763,117.5778,706713.0,46.2534295966156,450.0,0.0601398649805508,0.000636721278652
SRR9061330,39.76123,117.1858,706713.0,46.2534295966156,13492.0,1.5205659069523272,0.0190910108261769
SRR9061333,39.15863,117.6434,706713.0,46.2534295966156,8248.0,0.866682730330417,0.0116707821378692
SRR9061334,39.15497,117.6609,706713.0,46.2534295966156,600.0,0.0849040829870117,0.0008490408298701
SRR9061337,39.85734,116.8424,706713.0,46.2534295966156,32081.0,2.627505765140871,0.0453945699074447
SRR9061339,39.73796,117.1294,706713.0,46.2534295966156,48577.0,3.205520309658942,0.0687363992059011
SRR9061340,39.47033,117.479,706713.0,46.2534295966156,300.0,0.0424331662216486,0.0004243316622164
SRR9061341,40.43775,116.9959,706713.0,46.2534295966156,0.0,0.0,0.0
SRR9061343,39.78488,116.9725,706713.0,46.2534295966156,300.0,0.0424352099084069,0.000424352099084
SRR9061348,39.73796,117.1294,706713.0,46.2534295966156,300.0,0.0424331662216486,0.0004243316622164
SRR9061349,39.76123,117.1858,706713.0,46.2534295966156,300.0,0.0424483429624189,0.0004244834296241
SRR9061350,39.38984,117.5044,706713.0,46.2534295966156,7645.0,0.8780014676396217,0.0108177466001049
SRR9061351,39.90758,116.7813,706713.0,46.2534295966156,150.0,0.0212152476323486,0.0002121524763234
SRR9061352,39.97084,116.7628,706713.0,46.2534295966156,600.0,0.0849052231952716,0.0008490522319527
SRR9061353,40.04623,116.7651,706713.0,46.2534295966156,0.0,0.0,0.0
SRR9061358,40.72984,116.6237,706713.0,46.2534295966156,25491.0,3.0554228947252984,0.0360697594412441
SRR9061362,39.27763,117.5778,706713.0,46.2534295966156,5696.0,0.6865692762125503,0.0080600261096088
SRR9061363,39.15863,117.6434,706713.0,46.2534295966156,5548.0,0.6930664726699522,0.0078504808062112
SRR9061364,39.11049,117.7274,706713.0,46.2534295966156,3750.0,0.4874721394682141,0.0053063323357572
SRR9061365,39.90604,116.7613,706713.0,46.2534295966156,78577.0,3.9236504801807808,0.1111865682830229
SRR9061367,39.78488,116.9725,706713.0,46.2534295966156,60873.0,3.56283838050241,0.0861353797354796
SRR9061373,40.72984,116.6237,706713.0,46.2534295966156,28797.0,3.323723596849075,0.0407477555881949
SRR9061374,39.47033,117.479,706713.0,46.2534295966156,11098.0,1.2491515404414522,0.0157037791394809
SRR9061375,39.60959,117.3882,706713.0,46.2534295966156,17693.0,1.7435795921399493,0.0250356469896549
SRR9061376,40.43775,116.9959,706713.0,46.2534295966156,449.0,0.063534282374882,0.0006353428237488
SRR8894378,24.541,102.895,706713.0,46.2534295966156,150.0,0.0212152476323486,0.0002121524763234
SRR8894379,24.541,102.895,706713.0,46.2534295966156,0.0,0.0,0.0
SRR8894380,24.541,102.895,706713.0,46.2534295966156,0.0,0.0,0.0
SRR8894381,24.541,102.895,706713.0,46.2534295966156,150.0,0.0212152476323486,0.0002121524763234
SRR8894382,24.541,102.895,706713.0,46.2534295966156,300.0,0.0212199622760583,0.0004243992455211
SRR8561390,51.7874,104.9391,706713.0,46.2534295966156,150.0,0.0212199622760583,0.0002121996227605
SRR8561391,51.7874,104.9391,706713.0,46.2534295966156,450.0,0.0424530576061286,0.0006365839725602
SRR8517158,49.77,-93.82,706713.0,46.2534295966156,1407.0,0.1990997046891736,0.0019909970468917
SRR8517159,49.77,-93.82,706713.0,46.2534295966156,2612.0,0.3546194537244964,0.0036961287792923
SRR8517160,49.69,-93.69,706713.0,46.2534295966156,1206.0,0.1240931233754013,0.0017062052799368
SRR8517161,49.69,-93.69,706713.0,46.2534295966156,1809.0,0.2150680051166456,0.0025595444317565
SRR8517163,49.69,-93.69,706713.0,46.2534295966156,2008.0,0.1597687127589276,0.0028414084501063
SRR8369884,23.1037,113.3014,706713.0,46.2534295966156,899.0,0.1245067239459299,0.0012719902492242
SRR8369885,23.1037,113.301,706713.0,46.2534295966156,1200.0,0.1426329238318808,0.0016980751068679
SRR8369886,23.1037,113.3012,706713.0,46.2534295966156,2400.0,0.2317926537363824,0.0033960414170957
SRR8369887,23.1037,113.3008,706713.0,46.2534295966156,2249.0,0.1966663821098522,0.0031823690225027
SRR8209852,22.5121,88.3637,706713.0,46.2534295966156,0.0,0.0,0.0
SRR8126712,38.91,-76.96,706713.0,46.2534295966156,4725.0,0.3527400193572214,0.0066856951747031
SRR8126725,38.91,-76.96,706713.0,46.2534295966156,5547.0,0.3731231141920411,0.0078490488288739
SRR8126731,38.91,-76.96,706713.0,46.2534295966156,7172.0,0.6533029478727574,0.010148240746951
SRR8075935,34.261117,-83.950069,706713.0,46.2534295966156,0.0,0.0,0.0
SRR8075938,34.261117,-83.950069,706713.0,46.2534295966156,150.0,0.0212199622760583,0.0002121996227605
SRR8075941,31.66294,-85.062168,706713.0,46.2534295966156,0.0,0.0,0.0
SRR8075947,29.719072,-84.981177,706713.0,46.2534295966156,750.0,0.1057067024379061,0.0010611843860237
SRR8075949,31.66294,-85.062168,706713.0,46.2534295966156,150.0,0.0212199622760583,0.0002121996227605
SRR8075950,34.261117,-83.950069,706713.0,46.2534295966156,149.0,0.0210731838808681,0.0002107318388086
SRR8075952,32.933463,-85.19634,706713.0,46.2534295966156,0.0,0.0,0.0
SRR8075953,32.933463,-85.19634,706713.0,46.2534295966156,0.0,0.0,0.0
SRR8075954,34.261117,-83.950069,706713.0,46.2534295966156,0.0,0.0,0.0
SRR8075955,29.719072,-84.981177,706713.0,46.2534295966156,0.0,0.0,0.0
SRR8075960,32.664624,-85.087393,706713.0,46.2534295966156,402.0,0.028448989193633,0.0005687701004509
SRR8075961,34.261117,-83.950069,706713.0,46.2534295966156,0.0,0.0,0.0
SRR8075962,32.664624,-85.087393,706713.0,46.2534295966156,0.0,0.0,0.0
SRR8075963,32.664624,-85.087393,706713.0,46.2534295966156,300.0,0.0343880811588296,0.0004243992455211
SRR8075964,31.66294,-85.062168,706713.0,46.2534295966156,151.0,0.0213667406712484,0.0002136674067124
SRR8075965,32.664624,-85.087393,706713.0,46.2534295966156,100.0,0.0141536309647622,0.0001415363096476
SRR8075975,34.261117,-83.950069,706713.0,46.2534295966156,150.0,0.0212199622760583,0.0002121996227605
SRR8075976,34.261117,-83.950069,706713.0,46.2534295966156,0.0,0.0,0.0
SRR8075977,31.66294,-85.062168,706713.0,46.2534295966156,750.0,0.075999256133678,0.0010613076383199
SRR8075978,32.933463,-85.19634,706713.0,46.2534295966156,0.0,0.0,0.0
SRR8075980,31.66294,-85.062168,706713.0,46.2534295966156,301.0,0.0425867029473067,0.000425867029473
SRR8075982,34.261117,-83.950069,706713.0,46.2534295966156,150.0,0.0212199622760583,0.0002121996227605
SRR8075983,34.261117,-83.950069,706713.0,46.2534295966156,0.0,0.0,0.0
SRR8075984,34.261117,-83.950069,706713.0,46.2534295966156,0.0,0.0,0.0
SRR8075985,30.743083,-84.858652,706713.0,46.2534295966156,0.0,0.0,0.0
SRR8075986,30.743083,-84.858652,706713.0,46.2534295966156,0.0,0.0,0.0
SRR8075987,30.743083,-84.858652,706713.0,46.2534295966156,180.0,0.0127277135131234,0.0002547061522852
SRR8075988,30.743083,-84.858652,706713.0,46.2534295966156,0.0,0.0,0.0
SRR8075990,32.933463,-85.19634,706713.0,46.2534295966156,0.0,0.0,0.0
SRR8075991,30.743083,-84.858652,706713.0,46.2534295966156,126.0,0.0089154747400995,0.0001783094948019
SRR8075992,32.664624,-85.087393,706713.0,46.2534295966156,680.0,0.0359502909950715,0.0009622385890736
SRR8075993,31.66294,-85.062168,706713.0,46.2534295966156,280.0,0.0198150833506671,0.0003963016670133
SRR7514478,58.778056,-111.338851,706713.0,46.2534295966156,125.0,0.0176829847476981,0.0001768298474769
SRR7514483,58.778056,-111.338851,706713.0,46.2534295966156,0.0,0.0,0.0
SRR7514484,58.778056,-111.338851,706713.0,46.2534295966156,0.0,0.0,0.0
SRR7514496,58.778056,-111.338851,706713.0,46.2534295966156,12125.0,1.5664083087476812,0.017156712282072
SRR7514499,58.778056,-111.338851,706713.0,46.2534295966156,5873.0,0.6780739544907197,0.0083103289652235
SRR7514504,58.778056,-111.338851,706713.0,46.2534295966156,0.0,0.0,0.0
SRR7514506,58.778056,-111.338851,706713.0,46.2534295966156,40860.0,4.732895174278667,0.0578169707080526
SRR7514508,58.778056,-111.338851,706713.0,46.2534295966156,50973.0,5.891349127722286,0.0721268061631808
SRR7514513,58.778056,-111.338851,706713.0,46.2534295966156,32116.0,3.4259875956717933,0.0454443063223684
SRR7468254,58.778056,-111.338851,706713.0,46.2534295966156,0.0,0.0,0.0
SRR7468263,58.778056,-111.338851,706713.0,46.2534295966156,0.0,0.0,0.0
SRR7468265,58.778056,-111.338851,706713.0,46.2534295966156,95739.0,7.82113999148169,0.1354709146683307
SRR7468279,58.778056,-111.338851,706713.0,46.2534295966156,19620.0,2.331629880022017,0.0277621755351889
SRR7468281,58.778056,-111.338851,706713.0,46.2534295966156,0.0,0.0,0.0
SRR7468302,58.778056,-111.338851,706713.0,46.2534295966156,121865.0,9.149691447447548,0.1724392337964633
SRR7468306,58.778056,-111.338851,706713.0,46.2534295966156,118850.0,9.09718578277179,0.1681728138508843
SRR7369908,33.11,120.26,706713.0,46.2534295966156,27740.0,1.9259397193768903,0.0392522877320779
SRR7369909,33.11,120.26,706713.0,46.2534295966156,20541.0,1.7673502201034932,0.0290656287092497
SRR7369910,33.11,120.26,706713.0,46.2534295966156,23838.0,1.8856129765548388,0.0337311169795942
SRR7369911,33.11,120.26,706713.0,46.2534295966156,7949.0,0.9541462745131332,0.0112478071211368
SRR7369915,33.11,120.26,706713.0,46.2534295966156,29236.0,2.119813285874181,0.0413691381593376
SRR7369916,33.11,120.26,706713.0,46.2534295966156,30730.0,2.238127286607152,0.0434828774311495
SRR7369917,33.11,120.26,706713.0,46.2534295966156,29976.0,2.214915273526877,0.0424160453805151
SRR7369918,33.11,120.26,706713.0,46.2534295966156,32983.0,2.2906129568863176,0.0466708526813572
SRR7369919,33.11,120.26,706713.0,46.2534295966156,33589.0,2.327390964790516,0.0475283548441871
SRR7369920,33.11,120.26,706713.0,46.2534295966156,34484.0,2.411882125983249,0.0487948155729412
SRR7369921,33.11,120.26,706713.0,46.2534295966156,22491.0,1.9654503328791173,0.0318248239497504
SRR7369922,33.11,120.26,706713.0,46.2534295966156,31334.0,2.399724817146423,0.0443377752637916
SRR7369924,33.11,120.26,706713.0,46.2534295966156,9297.0,0.9504506700739904,0.0131553060591781
SRR7054680,47.3,8.57,706713.0,46.2534295966156,1650.0,0.1867673305854003,0.0023344782351534
SRR7054681,47.3,8.57,706713.0,46.2534295966156,300.0,0.0424384349799706,0.0004243843497997
SRR6986809,31.09,121.21,706713.0,46.2534295966156,8548.0,0.8192907843778168,0.0120954457495475
SRR6986813,22.47,108.21,706713.0,46.2534295966156,0.0,0.0,0.0
SRR6986815,29.21,111.49,706713.0,46.2534295966156,600.0,0.0584455868223734,0.0008489348349329
SRR6986817,37.45,112.39,706713.0,46.2534295966156,600.0,0.0849020393002534,0.0008490203930025
SRR6986818,29.17,111.53,706713.0,46.2534295966156,300.0,0.0366513322947221,0.0004245355894118
SRR6986819,38.28,106.13,706713.0,46.2534295966156,200.0,0.0283090278514757,0.0002830902785147
SRR6986822,34.52,118.43,706713.0,46.2534295966156,800.0,0.1132073764031509,0.0011320737640315
SRR6986824,34.55,118.41,706713.0,46.2534295966156,1050.0,0.1183072992855657,0.0014857356961029
SRR6986825,31.1,121.27,706713.0,46.2534295966156,600.0,0.0636730198821869,0.0008487835953208
SRR6986826,36.04,120.19,706713.0,46.2534295966156,0.0,0.0,0.0
SRR6797127,47.25,132.03,706713.0,46.2534295966156,0.0,0.0,0.0
SRR6797128,38.54,121.38,706713.0,46.2534295966156,100.0,0.0141553968867135,0.0001415539688671
SRR6797129,39.1,117.1,706713.0,46.2534295966156,0.0,0.0,0.0
SRR6797132,34.52,118.43,706713.0,46.2534295966156,3099.0,0.4385061426632876,0.0043850614266328
SRR6797137,29.17,111.53,706713.0,46.2534295966156,3500.0,0.4042565874690291,0.0049523822414473
SRR6797139,37.42,112.45,706713.0,46.2534295966156,32294.0,3.7089823165839593,0.0456960039775693
SRR6797143,23.1,113.18,706713.0,46.2534295966156,4100.0,0.4120545883548201,0.0058012673107753
SRR6797144,22.47,108.21,706713.0,46.2534295966156,800.0,0.1131939948748643,0.0011319399487486
SRR6797145,38.28,106.13,706713.0,46.2534295966156,600.0,0.0849148244053809,0.0008491482440538
SRR6787039,48.846361,14.487639,706713.0,46.2534295966156,255696.0,14.579588445097231,0.3618100532804689
SRR6754086,48.846361,14.487639,706713.0,46.2534295966156,65535.0,4.751590153287119,0.0927323739268981
SRR6754087,48.846361,14.487639,706713.0,46.2534295966156,300.0,0.0424384349799706,0.0004243843497997
SRR6754088,48.846361,14.487639,706713.0,46.2534295966156,41537.0,2.873314849450909,0.0587750691567864
SRR6754089,48.846361,14.487639,706713.0,46.2534295966156,300.0,0.0220820606101769,0.0004245216558914
SRR6791932,48.846361,14.487639,706713.0,46.2534295966156,0.0,0.0,0.0
SRR6754092,48.846361,14.487639,706713.0,46.2534295966156,69579.0,5.799656772975734,0.0984543255225247
SRR6754093,48.846361,14.487639,706713.0,46.2534295966156,1649.0,0.1753063079354702,0.0023331567949082
SRR6754094,48.846361,14.487639,706713.0,46.2534295966156,158675.0,11.947857806917376,0.2245253635648417
SRR6754095,48.846361,14.487639,706713.0,46.2534295966156,503321.0,29.44447930673413,0.7121997855579281
SRR6754096,48.846361,14.487639,706713.0,46.2534295966156,13644.0,1.7946607096515843,0.0193062236523171
SRR6754097,48.846361,14.487639,706713.0,46.2534295966156,80982.0,8.17405129451418,0.1145894218331911
SRR6754098,48.846361,14.487639,706713.0,46.2534295966156,20545.0,2.302375233227633,0.0290710789401072
SRR6754099,48.846361,14.487639,706713.0,46.2534295966156,14550.0,1.919737274112688,0.0205883409502867
SRR6754100,48.846361,14.487639,706713.0,46.2534295966156,153122.0,12.018315446015569,0.2166678097742648
SRR6754101,48.846361,14.487639,706713.0,46.2534295966156,436744.0,29.634660792146175,0.6179934657350297
SRR6754102,48.846361,14.487639,706713.0,46.2534295966156,12448.0,1.5753104018179942,0.0176141884739632
SRR6754103,48.846361,14.487639,706713.0,46.2534295966156,3147.0,0.4450217731950593,0.0044529932999675
SRR6475631,47.3,8.57,706713.0,46.2534295966156,0.0,0.0,0.0
SRR6475632,47.3,8.57,706713.0,46.2534295966156,502.0,0.0607072445250052,0.0007103522207742
SRR6475633,47.3,8.57,706713.0,46.2534295966156,0.0,0.0,0.0
SRR6466471,23.69,113.01,706713.0,46.2534295966156,100.0,0.014155404527722,0.0001415540452772
SRR6423777,1.4,103.81,706713.0,46.2534295966156,0.0,0.0,0.0
SRR6423789,1.4,103.801,706713.0,46.2534295966156,0.0,0.0,0.0
SRR6423791,1.41,103.731,706713.0,46.2534295966156,0.0,0.0,0.0
SRR6423795,1.39,103.921,706713.0,46.2534295966156,0.0,0.0,0.0
SRR6423802,1.42,103.72,706713.0,46.2534295966156,0.0,0.0,0.0
SRR6423803,1.31,103.72,706713.0,46.2534295966156,0.0,0.0,0.0
SRR6423804,1.38,103.92,706713.0,46.2534295966156,0.0,0.0,0.0
SRR6423806,1.38,103.91,706713.0,46.2534295966156,56.0,0.007923477847443,7.92347784744302e-05
SRR6423807,1.39,103.92,706713.0,46.2534295966156,0.0,0.0,0.0
SRR6423811,1.29,103.86,706713.0,46.2534295966156,0.0,0.0,0.0
SRR6262235,24.82,118.16,706713.0,46.2534295966156,0.0,0.0,0.0
SRR6262236,24.82,118.16,706713.0,46.2534295966156,0.0,0.0,0.0
SRR6262237,24.82,118.16,706713.0,46.2534295966156,0.0,0.0,0.0
SRR6262238,24.82,118.16,706713.0,46.2534295966156,0.0,0.0,0.0
SRR6262239,24.82,118.16,706713.0,46.2534295966156,0.0,0.0,0.0
SRR6262240,24.82,118.16,706713.0,46.2534295966156,0.0,0.0,0.0
SRR6262241,24.82,118.16,706713.0,46.2534295966156,0.0,0.0,0.0
SRR6262242,24.82,118.16,706713.0,46.2534295966156,0.0,0.0,0.0
SRR6262243,24.82,118.16,706713.0,46.2534295966156,0.0,0.0,0.0
SRR6262244,24.82,118.16,706713.0,46.2534295966156,300.0,0.0424521655891429,0.0004245216558914
SRR6262245,24.82,118.16,706713.0,46.2534295966156,0.0,0.0,0.0
SRR6262246,24.82,118.16,706713.0,46.2534295966156,0.0,0.0,0.0
SRR6237650,42.43592,-71.14935,706713.0,46.2534295966156,1350.0,0.1454389074489927,0.0019101052874363
SRR6201526,41.77,-81.73,706713.0,46.2534295966156,150.0,0.0212152476323486,0.0002121524763234
SRR6201524,41.77,-81.73,706713.0,46.2534295966156,0.0,0.0,0.0
SRR6201002,43.099444,-89.404444,706713.0,46.2534295966156,0.0,0.0,0.0
SRR6197918,43.099444,-89.404444,706713.0,46.2534295966156,0.0,0.0,0.0
SRR5997543,1.29,103.86,706713.0,46.2534295966156,0.0,0.0,0.0
SRR5997547,1.39,103.92,706713.0,46.2534295966156,0.0,0.0,0.0
SRR5896114,51.7874,104.9391,706713.0,46.2534295966156,151.0,0.0213637264349177,0.0002136372643491
SRR5896115,51.7874,104.9391,706713.0,46.2534295966156,0.0,0.0,0.0
SRR5432762,46.238518,6.293545,706713.0,46.2534295966156,14455.0,1.5632973655500886,0.0204539274953198
SRR5338504,39.14,-0.65,706713.0,46.2534295966156,906.0,0.0513615296449902,0.0012820450012947
SRR5278610,39.7127,20.814,706713.0,46.2534295966156,1489.0,0.1426121622214392,0.0021067488485424
SRR5260500,43.1998,-86.5698,706713.0,46.2534295966156,2400.0,0.2788881480884036,0.0033961070377932
SRR5260499,43.1998,-86.5698,706713.0,46.2534295966156,1199.0,0.1696421281340516,0.0016964212813405
SRR5260498,43.1998,-86.5698,706713.0,46.2534295966156,1199.0,0.0958075193183088,0.0016965650412543
SRR5260496,43.1998,-86.5698,706713.0,46.2534295966156,9150.0,1.093237646116599,0.0129474104127135
SRR5260495,43.1998,-86.5698,706713.0,46.2534295966156,4650.0,0.5641350753417583,0.0065797132881381
SRR5260494,43.1998,-86.5698,706713.0,46.2534295966156,8850.0,0.9716661278340714,0.0125228983533626
SRR5260448,43.1998,-86.5698,706713.0,46.2534295966156,13650.0,1.636874048163823,0.0193149050958451
SRR5260447,43.1998,-86.5698,706713.0,46.2534295966156,7649.0,0.9148083796392594,0.0108233360303263
SRR5260446,43.1998,-86.5698,706713.0,46.2534295966156,13650.0,1.6433752100216068,0.0193149928726371
SRR5211163,45.4091,-72.0994,706713.0,46.2534295966156,24155.0,2.689057147243648,0.0341793398904505
SRR5211153,46.8319,-72.5,706713.0,46.2534295966156,104930.0,7.711881871282968,0.1484760703029376
SRR2179956,44.99,-73.11,706713.0,46.2534295966156,1212.0,0.1715140723320499,0.001714924020076
SRR2179955,44.99,-73.11,706713.0,46.2534295966156,1414.0,0.1899112216698999,0.002000957511748
SRR2179954,44.99,-73.11,706713.0,46.2534295966156,106943.0,11.319879730668603,0.1513246542854029
SRR4754863,47.070833,8.316333,706713.0,46.2534295966156,37032.0,1.972484350931708,0.0524004515284139
SRR4754862,47.070833,8.316333,706713.0,46.2534295966156,30187.0,1.1561994226793622,0.0427144898523162
SRR4754860,47.070833,8.316333,706713.0,46.2534295966156,27480.0,1.9696675180731076,0.0388843557469581
SRR4754859,47.0925,8.4891,706713.0,46.2534295966156,0.0,0.0,0.0
SRR4754858,47.0925,8.4891,706713.0,46.2534295966156,198.0,0.028024404531967,0.0002802440453196
SRR4198832,39.14,-0.6499,706713.0,46.2534295966156,699.0,0.0856183116767344,0.0009890222056195
SRR4198666,39.14,-0.6499,706713.0,46.2534295966156,100.0,0.014155404527722,0.0001415540452772
SRR4029424,46.041,-89.686,706713.0,46.2534295966156,3898.0,0.1606115766937922,0.0055158691151853
SRR4029423,46.041,-89.686,706713.0,46.2534295966156,3594.0,0.2176253581015206,0.0050854313278516
SRR4029421,46.041,-89.686,706713.0,46.2534295966156,2248.0,0.2252651906785357,0.0031809203269219
SRR4029420,46.041,-89.686,706713.0,46.2534295966156,1050.0,0.1294584395645757,0.0014856519803654
SRR4029415,46.041,-89.686,706713.0,46.2534295966156,3750.0,0.2616368889492622,0.005306478740309
SRR4029414,46.041,-89.686,706713.0,46.2534295966156,3900.0,0.2650182699341883,0.0055185227355376
SRR4029412,46.041,-89.686,706713.0,46.2534295966156,3593.0,0.2256764767310067,0.0050841737395519
SRR4029405,46.041,-89.686,706713.0,46.2534295966156,1048.0,0.114756984659968,0.0014828956422196
SRR4029403,46.041,-89.686,706713.0,46.2534295966156,3149.0,0.2227252440523947,0.0044559110487567
SRR4029402,46.041,-89.686,706713.0,46.2534295966156,4649.0,0.3363416301950013,0.0065784356492663
SRR4029401,46.041,-89.686,706713.0,46.2534295966156,5549.0,0.3904182219656353,0.0078520330275514
SRR4029400,46.041,-89.686,706713.0,46.2534295966156,8998.0,0.4901774106320387,0.0127320644688862
SRR4029398,46.041,-89.686,706713.0,46.2534295966156,9299.0,0.437377651606805,0.0131580313663396
SRR4029396,46.041,-89.686,706713.0,46.2534295966156,19045.0,0.6320841627364998,0.0269488194316504
SRR4029395,46.041,-89.686,706713.0,46.2534295966156,12444.0,0.5365519765449341,0.0176083468593332
SRR4029392,46.041,-89.686,706713.0,46.2534295966156,2247.0,0.1879168829496556,0.0031796118891261
SRR4029386,46.041,-89.686,706713.0,46.2534295966156,900.0,0.0772726991013325,0.0012735284691239
SRR4029380,46.041,-89.686,706713.0,46.2534295966156,2099.0,0.2275236988706872,0.0029699552251055
SRR4029377,46.041,-89.686,706713.0,46.2534295966156,898.0,0.0805155868082234,0.00127070137241
SRR4029376,46.041,-89.686,706713.0,46.2534295966156,3300.0,0.2808757307421825,0.0046694196767287
SRR4029370,46.041,-89.686,706713.0,46.2534295966156,2700.0,0.2096880825738312,0.0038203109168785
SRR4029369,46.041,-89.686,706713.0,46.2534295966156,599.0,0.0847563063082184,0.0008475630630821
SRR4029365,46.041,-89.686,706713.0,46.2534295966156,1800.0,0.1521095948426022,0.0025468538218484
SRR4029359,46.041,-89.686,706713.0,46.2534295966156,600.0,0.0848975316712725,0.0008489753167127
SRR4029124,46.041,-89.686,706713.0,46.2534295966156,4949.0,0.3321009350330332,0.0070029215593883
SRR4029121,46.041,-89.686,706713.0,46.2534295966156,448.0,0.0633958551774199,0.0006339585517741
SRR4029118,46.041,-89.686,706713.0,46.2534295966156,900.0,0.0957970368452257,0.0012734521807296
SRR4029116,46.041,-89.686,706713.0,46.2534295966156,18594.0,0.7778258483995624,0.0263107619755119
SRR4029115,46.041,-89.686,706713.0,46.2534295966156,3750.0,0.2334790807583842,0.0053061499901657
SRR4029110,46.041,-89.686,706713.0,46.2534295966156,3149.0,0.2784482676843358,0.0044556877742449
SRR4029086,46.041,-89.686,706713.0,46.2534295966156,299.0,0.0423143200988237,0.0004231432009882
SRR4029085,46.041,-89.686,706713.0,46.2534295966156,900.0,0.1119272257620844,0.0012735649676742
SRR4029083,46.041,-89.686,706713.0,46.2534295966156,4499.0,0.2661433178673662,0.006366090572835
SRR4029080,46.041,-89.686,706713.0,46.2534295966156,1050.0,0.1106450311512594,0.0014857610387809
SRR4029074,46.041,-89.686,706713.0,46.2534295966156,2098.0,0.2017482528268193,0.0029683191408676
SRR4029064,46.041,-89.686,706713.0,46.2534295966156,1350.0,0.1570556753590213,0.0019101712816942
SRR4029063,46.041,-89.686,706713.0,46.2534295966156,1050.0,0.1017501244493875,0.0014858518634863
SRR4018504,43.2052,-79.2648,706713.0,46.2534295966156,0.0,0.0,0.0
SRR4018501,43.2047,-79.266,706713.0,46.2534295966156,0.0,0.0,0.0
SRR4018498,42.8722,-79.4272,706713.0,46.2534295966156,0.0,0.0,0.0
SRR4018493,42.8698,-79.3981,706713.0,46.2534295966156,0.0,0.0,0.0
SRR4018491,42.8638,-79.3862,706713.0,46.2534295966156,0.0,0.0,0.0
SRR1173821,38.5355,-0.2663,706713.0,46.2534295966156,0.0,0.0,0.0
SRR3657441,61.208142,25.113609,706713.0,46.2534295966156,1300.0,0.1044415717554367,0.0018396190999741
SRR3657440,61.208142,25.113609,706713.0,46.2534295966156,1997.0,0.1459024428586993,0.0028259135957595
SRR3657439,61.208142,25.113609,706713.0,46.2534295966156,3299.0,0.1559334427129542,0.004668058878215
SRR3657438,61.208142,25.113609,706713.0,46.2534295966156,2396.0,0.1286195387660903,0.0033904761862311
SRR3657437,61.208142,25.113609,706713.0,46.2534295966156,1897.0,0.1644232807377252,0.0026842608739332
SRR3657436,61.208142,25.113609,706713.0,46.2534295966156,1497.0,0.1335671854062398,0.0021184242429387
SRR3657435,61.208142,25.113609,706713.0,46.2534295966156,498.0,0.070476754778814,0.0007047675477881
SRR3657434,61.208142,25.113609,706713.0,46.2534295966156,1500.0,0.1437671429561929,0.0021226240482345
SRR3657433,61.208142,25.113609,706713.0,46.2534295966156,300.0,0.0416010196501267,0.000424517661342
SRR3657431,61.208142,25.113609,706713.0,46.2534295966156,1300.0,0.1324477911118091,0.0018395513822442
SRR3657430,61.208142,25.113609,706713.0,46.2534295966156,2600.0,0.1934423884943392,0.0036790368706957
SRR3657429,61.208142,25.113609,706713.0,46.2534295966156,700.0,0.0742934639662776,0.0009906264480772
SRR3571355,34.15,-83.57,706713.0,46.2534295966156,249.0,0.035235947548722,0.0003523594754872
SRR3571354,34.15,-83.57,706713.0,46.2534295966156,0.0,0.0,0.0
SRR3571025,34.15,-83.57,706713.0,46.2534295966156,0.0,0.0,0.0
SRR3569810,34.15,-83.57,706713.0,46.2534295966156,0.0,0.0,0.0
SRR3569624,34.15,-83.57,706713.0,46.2534295966156,1046.0,0.0975050502820805,0.0014802466786375
SRR3569349,34.15,-83.57,706713.0,46.2534295966156,0.0,0.0,0.0
SRR3569300,34.15,-83.57,706713.0,46.2534295966156,0.0,0.0,0.0
SRR3568955,34.15,-83.57,706713.0,46.2534295966156,0.0,0.0,0.0
SRR3568916,34.15,-83.57,706713.0,46.2534295966156,301.0,0.0425897628881879,0.0004258976288818
SRR3184724,43.92,-122.81,706713.0,46.2534295966156,1111.0,0.1572102815428611,0.0015721028154286
SRR3184721,43.92,-122.81,706713.0,46.2534295966156,5150.0,0.672824656968246,0.0072871821573962
SRR3184722,43.92,-122.81,706713.0,46.2534295966156,707.0,0.1000716229926434,0.0010004995266819
SRR3184720,43.92,-122.81,706713.0,46.2534295966156,49277.0,5.626488607256411,0.0697269600177158
SRR3184719,43.92,-122.81,706713.0,46.2534295966156,52603.0,5.637496926050603,0.0744331643878066
SRR3184718,43.92,-122.81,706713.0,46.2534295966156,246300.0,16.639845805440114,0.3485148472053011
SRR3184714,43.92,-122.81,706713.0,46.2534295966156,1212.0,0.171482059761176,0.0017148205976117
SRR3184713,43.92,-122.81,706713.0,46.2534295966156,302.0,0.0427499815342296,0.0004274998153422
SRR3184712,43.92,-122.81,706713.0,46.2534295966156,0.0,0.0,0.0
SRR3184711,43.92,-122.81,706713.0,46.2534295966156,0.0,0.0,0.0
SRR3184710,43.92,-122.81,706713.0,46.2534295966156,707.0,0.1000716229926434,0.0010004995266819
SRR3184709,43.92,-122.81,706713.0,46.2534295966156,1007.0,0.1424682852869552,0.0014246828528695
SRR3184708,43.92,-122.81,706713.0,46.2534295966156,1716.0,0.2428055605316443,0.0024280556053164
SRR3184707,43.92,-122.81,706713.0,46.2534295966156,3434.0,0.4527965615462004,0.0048591433283383
SRR3184744,41.93,-122.44,706713.0,46.2534295966156,3332.0,0.4178439931061123,0.0047148382044762
SRR3184743,41.93,-122.44,706713.0,46.2534295966156,303.0,0.0428969987816836,0.0004287532845723
SRR3184741,41.93,-122.44,706713.0,46.2534295966156,101.0,0.0142929384346969,0.0001429293843469
SRR3184740,41.93,-122.44,706713.0,46.2534295966156,202.0,0.0285798503777346,0.0002857985037773
SRR3184739,41.93,-122.44,706713.0,46.2534295966156,505.0,0.0600173820207071,0.0007144442652109
SRR3184738,41.93,-122.44,706713.0,46.2534295966156,3232.0,0.4145901538531199,0.0045731196525322
SRR3184736,41.97,-122.3,706713.0,46.2534295966156,2114.0,0.214961118587036,0.0029912157849084
SRR3184732,29.96,-95.15,706713.0,46.2534295966156,303.0,0.0428835673038418,0.0004288356730384
SRR3184706,29.96,-95.15,706713.0,46.2534295966156,0.0,0.0,0.0
SRR3184705,29.96,-95.15,706713.0,46.2534295966156,0.0,0.0,0.0
SRR3184704,29.96,-95.15,706713.0,46.2534295966156,0.0,0.0,0.0
SRR3098767,39.5886,20.1382,706713.0,46.2534295966156,3900.0,0.5518444041640665,0.0055184440416406
SRR2939624,48.0177052,-122.8023445,706713.0,46.2534295966156,274.0,0.0387746851975271,0.0003877468519752
ERR2163668,59.911491,10.757933,706713.0,46.2534295966156,5738.0,0.6050430906181151,0.0081191766049301
ERR2105755,59.911491,10.757933,706713.0,46.2534295966156,12077.0,1.294573781577529,0.0170889799508428
ERR2105754,59.911491,10.757933,706713.0,46.2534295966156,6794.0,0.8057248584644686,0.0096136182580481
ERR2105753,59.911491,10.757933,706713.0,46.2534295966156,10114.0,1.0795008572079472,0.0143115130456069
ERR2105748,59.911491,10.757933,706713.0,46.2534295966156,10115.0,1.131575660558105,0.0143128565145964
ERR864071,46.184,-123.182,706713.0,46.2534295966156,4979.0,0.613262857906958,0.0070451218882346
