ID;Latitude;Longitude
SRR2083509;43.20;-79.27
SRR2083504;43.20;-79.27
SRR2083231;43.20;-79.27
SRR2083230;43.21;-79.26
SRR2083227;43.20;-79.27
SRR2083225;43.26;-79.07
SRR2083224;43.22;-79.62
SRR2083223;42.86;-79.39
SRR2083222;42.87;-79.40
SRR2083221;42.87;-79.42
SRR2083220;42.87;-79.40
SRR2083219;42.87;-79.23
SRR2083218;42.87;-79.43
SRR2083217;43.20;-79.27
SRR2083216;43.26;-79.07
SRR2083215;43.22;-79.62
SRR2083214;42.87;-79.40
SRR2083213;42.87;-79.23
SRR2016484;44.90415;-93.190417
SRR2016482;44.90415;-93.190417
SRR1994395;31.27;120.26
SRR1972501;31.27;120.26
SRR1917538;40.968;-124.226
SRR1582517;40.013;116.385
SRR1582516;40.013;116.385
SRR1582515;40.013;116.385
SRR1582514;40.013;116.385
SRR1582512;40.014;116.380
SRR1582511;40.017;116.379
SRR1582510;40.017;116.379
SRR1582509;40.015;116.390
SRR1582508;40.013;116.388
SRR1582507;40.013;116.385
SRR1582506;40.012;116.383
SRR1582501;40.012;116.381
SRR1582500;40.012;116.381
SRR1581195;40.013;116.385
SRR1581191;40.013;116.385
SRR1581188;40.013;116.385
SRR1523359;33.049631;-117.291353
SRR1523356;33.049631;-117.291353
SRR1523360;33.049631;-117.291353
SRR1173877;38.5355;-0.2663
SRR1169884;44.3144;-91.996
SRR1169883;43.8567;-91.3033
SRR1169882;44.5669;-92.5377
SRR1169878;44.7488;-92.8057
SRR1169874;44.7458;-92.8502
SRR1169873;44.9179;-93.129
SRR1169871;44.8856;-93.1741
SRR1169870;44.9042;-93.1904
SRR1169861;45.4195;-94.0422
SRR1169860;45.5476;-94.1455
SRR1169859;47.3473;-95.1825
SRR1044925;44.917867;-93.128967
SRR1044924;44.917867;-93.128967
SRR1044687;44.917867;-93.128967
SRR1044686;44.917867;-93.128967
SRR1044685;44.917867;-93.128967
SRR1044684;44.917867;-93.128967
SRR1044683;44.917867;-93.128967
SRR1044682;44.917867;-93.128967
SRR1044681;44.917867;-93.128967
SRR1044679;44.917867;-93.128967
SRR1044678;44.917867;-93.128967
SRR1044677;44.917867;-93.128967
SRR1039498;44.917867;-93.128967
SRR1039496;44.917867;-93.128967
SRR1039494;44.917867;-93.128967
SRR1039491;44.917867;-93.128967
SRR1039490;44.917867;-93.128967
SRR1039488;44.917867;-93.128967
SRR1039486;44.917867;-93.128967
SRR1039484;44.917867;-93.128967
SRR1039483;44.917867;-93.128967
SRR1039482;44.917867;-93.128967
SRR1039480;44.917867;-93.128967
SRR1039479;44.917867;-93.128967
SRR1039478;44.917867;-93.128967
SRR947737;34.261117;-83.950069
SRR14576896;30.46;120.12
SRR14576897;30.46;120.13
SRR14576898;30.46;120.13
SRR14576899;30.46;120.12
SRR14576900;30.46;120.12
SRR14576901;30.46;120.12
SRR14576902;30.46;120.13
SRR14576903;30.46;120.13
SRR14576904;30.46;120.12
SRR14576905;30.46;120.12
SRR14576906;30.46;120.12
SRR14576907;30.46;120.12
SRR14576908;30.46;120.12
SRR14576909;30.46;120.12
SRR14576910;30.46;120.12
SRR14576911;30.46;120.12
SRR14576912;30.46;120.13
SRR14576913;30.46;120.13
SRR14576914;30.46;120.12
SRR14576915;30.46;120.12
SRR14576916;30.46;120.12
SRR14576917;30.46;120.12
SRR14576918;30.46;120.13
SRR14576919;30.46;120.13
SRR14576920;30.46;120.13
SRR14576921;30.46;120.12
SRR14576922;30.46;120.12
SRR14576923;30.46;120.12
SRR14576924;30.46;120.12
SRR14576925;30.46;120.13
SRR14576926;30.46;120.13
SRR14576927;30.46;120.12
SRR14576928;30.46;120.12
SRR14576929;30.46;120.12
SRR14576930;30.46;120.13
SRR14576931;30.46;120.12
SRR14371733;41.91;-83.21
SRR14371734;41.76;-83.32
SRR14333789;41.7025;-83.2547
SRR14333790;41.7025;-83.2547
SRR14333791;41.7343;-83.3023
SRR14333792;41.7343;-83.3023
SRR14333793;41.7404662744343;-83.2993922637013
SRR14332019;41.7752798990724;-83.3431548762416
SRR14332020;41.7636;-83.3306
SRR14332021;41.7636;-83.3306
SRR14332022;41.83262;-83.35813
SRR14332023;41.83262;-83.35813
SRR14332024;41.833835;-83.27891
SRR14332025;41.833835;-83.27891
SRR14332026;41.793906;-83.133142
SRR14332027;41.743940917389;-83.1359709171918
SRR14332028;41.793906;-83.133142
SRR14332029;41.7347;-83.3059
SRR14332030;41.7347;-83.3059
SRR14332031;41.7344;-83.3005
SRR14332032;41.7344;-83.3005
SRR14332033;41.7311;-83.2988
SRR14332034;41.7311;-83.2988
SRR14332035;41.8242;-83.3094
SRR14332036;41.8242;-83.3094
SRR14332037;41.8337;-83.1839
SRR14332038;41.7404662744343;-83.2993922637013
SRR14332039;41.8337;-83.1839
SRR14332040;41.7346;-83.2967
SRR14332041;41.7346;-83.2967
SRR14332042;41.7345;-83.3009
SRR14332043;41.7345;-83.3009
SRR14332044;41.739167;-83.302683
SRR14332045;41.739167;-83.302683
SRR14332046;41.740767;-83.30555
SRR14332047;41.740767;-83.30555
SRR14332049;41.7360136917041;-83.3035882160197
SRR14332050;41.7360136917041;-83.3035882160197
SRR14332051;41.7024861421279;-83.2553651217802
SRR14332052;41.7024861421279;-83.2553651217802
SRR14332053;41.7376466850762;-83.3029670351321
SRR14332054;41.7376466850762;-83.3029670351321
SRR14332055;41.7752798990724;-83.3431548762416
SRR14309022;41.740570017061;-83.3054293134153
SRR14308729;41.8343088900365;-83.2782487430434
SRR14308730;41.8500471819944;-83.1943278216303
SRR14308731;41.7307472759595;-83.2973403578518
SRR14308732;41.740570017061;-83.3054293134153
SRR14308733;41.8500471819944;-83.1943278216303
SRR14308734;41.7931672603972;-83.1326903256534
SRR14308735;41.7931672603972;-83.1326903256534
SRR14308736;41.7354287366086;-83.305168566954
SRR14308737;41.7354287366086;-83.305168566954
SRR14308738;41.7353919305416;-83.2984918812941
SRR14308740;41.743940917389;-83.1359709171918
SRR14308741;41.7038618714297;-83.2556191934697
SRR14308742;41.7038618714297;-83.2556191934697
SRR14308743;41.7368703958466;-83.3007964904881
SRR14308744;41.7368703958466;-83.3007964904881
SRR14308745;41.7356662663123;-83.2998509698307
SRR14308746;41.7356662663123;-83.2998509698307
SRR14308747;41.7427394681466;-83.1368766153367
SRR14308748;41.7427394681466;-83.1368766153367
SRR14308749;41.734946321248;-83.3002480999798
SRR14308750;41.7307472759595;-83.2973403578518
SRR14308751;41.734946321248;-83.3002480999798
SRR14308752;41.7345139358975;-83.3008948955596
SRR14308753;41.7345139358975;-83.3008948955596
SRR14308754;41.7734850688172;-83.3441027104068
SRR14308755;41.7734850688172;-83.3441027104068
SRR14308756;41.8338712604238;-83.3577684318652
SRR14308757;41.8338712604238;-83.3577684318652
SRR14308758;41.8343088900365;-83.2782487430434
SRR14307622;27.96;120.71
SRR14307623;27.95;120.70
SRR14307624;28.02;120.65
SRR14307625;28.01;120.65
SRR14307626;27.96;120.71
SRR14307627;27.95;120.70
SRR14307628;28.02;120.65
SRR14307629;28.01;120.65
SRR14288954;41.7987035209042;-83.3439342131621
SRR14288955;41.7987035209042;-83.3439342131621
SRR14288956;41.8037327182961;-83.3610608248073
SRR14288957;41.8037327182961;-83.3610608248073
SRR14288958;41.8238070415945;-83.3084699099299
SRR14288959;41.8238070415945;-83.3084699099299
SRR14288960;41.8338006012053;-83.1803171866043
SRR14288961;41.8338006012053;-83.1803171866043
SRR14288962;41.7353919305416;-83.2984918812941
SRR14288963;41.7307472759595;-83.2973403578518
SRR14288964;41.7307472759595;-83.2973403578518
SRR14288965;41.7344275476807;-83.2963171872718
SRR14288966;41.7344275476807;-83.2963171872718
SRR14240538;45.1366;-82.9833
SRR14240539;43.600;-86.916667
SRR14240540;43.5966;-78.801
SRR14240541;47.60;-86.81778
SRR14240542;42.51666;-79.8933
SRR14240543;42.1166;-81.2500
SRR13490363;42.711528;-86.705694
SRR13490370;42.711528;-86.705694
SRR13490378;42.690806;-86.253556
SRR13434395;38.923239;-106.950876
SRR13434396;38.923239;-106.950876
SRR13434397;38.923239;-106.950876
SRR13434398;38.923239;-106.950876
SRR13394436;34.99562;-98.68895
SRR13225447;39.52018;116.2053
SRR13225448;39.52072;116.2114
SRR13225449;39.52015;116.2125
SRR13225450;39.52089;116.2238
SRR13225451;39.52023;116.2278
SRR13225452;39.52048;116.2017
SRR13225453;39.52048;116.2017
SRR13225454;39.52098;116.2023
SRR13225455;39.52018;116.2053
SRR13225456;39.52072;116.2114
SRR13225457;39.52015;116.2125
SRR13225458;39.52089;116.2238
SRR13225459;39.52023;116.2278
SRR13225460;39.52048;116.2017
SRR13225461;39.52098;116.2023
SRR13225462;39.52098;116.2023
SRR13225463;39.52018;116.2053
SRR13225464;39.52072;116.2114
SRR13225465;39.52015;116.2125
SRR13225466;39.52089;116.2238
SRR13225467;39.52023;116.2278
SRR13225468;39.52048;116.2017
SRR13225469;39.52098;116.2023
SRR13225470;39.52018;116.2053
SRR13225471;39.52072;116.2114
SRR13225472;39.52015;116.2125
SRR13225473;39.52072;116.2114
SRR13225474;39.52089;116.2238
SRR13225475;39.52023;116.2278
SRR13225476;39.52048;116.2017
SRR13225477;39.52098;116.2023
SRR13225478;39.52018;116.2053
SRR13225479;39.52072;116.2114
SRR13225480;39.52089;116.2238
SRR13225481;39.52023;116.2278
SRR13225482;39.52048;116.2017
SRR13225483;39.52098;116.2023
SRR13225484;39.52089;116.2238
SRR13225485;39.52023;116.2278
SRR13224034;41.70;-83.07
SRR13224037;41.70;-83.07
SRR13224039;41.90;-83.22
SRR13224040;41.90;-83.22
SRR13224041;41.91;-83.21
SRR13224042;41.91;-83.20
SRR13224043;41.91;-83.20
SRR13224044;41.91;-83.20
SRR13224045;41.91;-83.20
SRR13224046;41.82;-83.21
SRR13224047;41.82;-83.21
SRR13224048;41.70;-83.07
SRR13224049;41.79;-83.23
SRR13224050;41.79;-83.23
SRR13224051;41.71;-83.27
SRR13224052;41.76;-83.32
SRR13224053;41.76;-83.32
SRR13224054;41.76;-83.32
SRR13224055;41.76;-83.30
SRR13224056;41.76;-83.30
SRR13224057;41.80;-83.37
SRR13224058;41.80;-83.37
SRR13224059;41.70;-83.07
SRR13224060;41.80;-83.36
SRR13224061;41.80;-83.36
SRR13224062;41.83;-83.35
SRR13224063;41.83;-83.35
SRR13224064;41.83;-83.35
SRR13224065;41.83;-83.35
SRR13224066;41.84;-83.19
SRR13224067;41.84;-83.19
SRR13224068;41.84;-83.17
SRR13224069;41.84;-83.17
SRR13224070;41.66;-83.10
SRR13224071;41.81;-83.26
SRR13224072;41.81;-83.26
SRR13224073;41.81;-83.26
SRR13224074;41.81;-83.26
SRR13224075;41.77;-83.34
SRR13224076;41.77;-83.34
SRR13224077;41.77;-83.33
SRR13224078;41.77;-83.33
SRR13224079;41.83;-83.35
SRR13224080;41.83;-83.35
SRR13224081;41.66;-83.10
SRR13224082;41.83;-83.33
SRR13224083;41.83;-83.33
SRR13224084;41.84;-83.24
SRR13224085;41.84;-83.24
SRR13224086;41.84;-83.24
SRR13224087;41.84;-83.24
SRR13224088;41.84;-83.24
SRR13224089;41.84;-83.24
SRR13224090;41.85;-83.19
SRR13224091;41.85;-83.19
SRR13224092;41.66;-83.10
SRR13224093;41.84;-83.26
SRR13224094;41.84;-83.26
SRR13224095;41.84;-83.26
SRR13224096;41.84;-83.26
SRR13224097;41.84;-83.26
SRR13224098;41.84;-83.26
SRR13224099;41.78;-83.16
SRR13224100;41.78;-83.16
SRR13224101;41.78;-83.16
SRR13224102;41.78;-83.16
SRR13224103;41.66;-83.10
SRR13224104;41.78;-83.15
SRR13224105;41.78;-83.15
SRR13224106;41.75;-83.13
SRR13224107;41.75;-83.13
SRR13224108;41.75;-83.13
SRR13224109;41.75;-83.13
SRR13224110;41.75;-83.12
SRR13224111;41.75;-83.12
SRR13224112;41.70;-83.07
SRR13224113;41.70;-83.07
SRR13163197;40.747596;-73.805517
SRR13163198;40.747596;-73.805517
ERR3856789;47.0925;8.4891
ERR3856788;47.0925;8.4891
ERR3856787;47.0925;8.4891
SRR13020435;37.2656;-118.2713
SRR13020431;37.2656;-118.2713
SRR12874343;43.17;-79.53
SRR12874344;43.17;-79.51
SRR12874345;43.17;-79.51
SRR12874346;43.17;-79.53
SRR12874347;43.17;-79.51
SRR12874348;43.17;-79.51
SRR12687952;36.4428;-116.8278
SRR12687782;36.4428;-116.8278
SRR12687664;36.4265;-116.3098
SRR12687606;36.4265;-116.3098
SRR12687343;36.4202;-116.323
SRR12687342;37.0233;-117.3845
SRR12687326;36.4202;-116.323
SRR12687280;36.4015;-116.2738
SRR12687059;36.4015;-116.2738
SRR12686701;37.0233;-117.3845
SRR12685683;46.87681;-91.22521
SRR12685684;46.87153;-91.10558
SRR12685685;46.89501;-91.09353
SRR12685686;46.94913;-91.10256
SRR12685687;46.9443;-90.99678
SRR12676966;49.66;-93.72
SRR12676967;49.66;-93.75
SRR12676971;49.70;-93.73
SRR12676968;49.74;-93.83
SRR12676969;49.69;-93.69
SRR12676970;49.69;-93.69
SRR12676972;49.69;-93.69
SRR12676973;49.69;-93.69
SRR12676974;49.69;-93.69
SRR12676975;49.69;-93.69
SRR12486991;37.304056;127.618611
SRR12486992;37.304056;127.618611
SRR12486994;37.304056;127.618611
SRR12486995;35.364169;127.146461
SRR12486997;35.364169;127.146461
SRR12486998;35.610764;126.850397
SRR12487000;35.610764;126.850397
SRR12487001;35.927978;128.311344
SRR12487002;37.141433;127.627100
SRR12487004;35.927978;128.311344
SRR12487005;36.408139;128.261722
SRR12487007;36.408139;128.261722
SRR12487008;35.880608;127.032675
SRR12487010;35.880608;127.032675
SRR12487011;35.921444;127.065972
SRR12487012;35.921444;127.065972
SRR12487015;35.921444;127.065972
SRR12487016;35.921444;127.065972
SRR12487017;35.921444;127.065972
SRR12487019;35.921444;127.065972
SRR12487020;35.921444;127.065972
SRR12487021;35.921444;127.065972
SRR12487023;35.921444;127.065972
SRR12487024;37.141433;127.627100
SRR12487025;36.461306;127.095889
SRR12487027;36.461306;127.095889
SRR12487028;36.766103;127.443383
SRR12487030;36.766103;127.443383
SRR12487031;36.766103;127.443383
SRR12487033;36.766103;127.443383
SRR12487034;37.806611;126.787083
SRR12487035;36.969389;127.894244
SRR12487037;37.806611;126.787083
SRR12487038;37.449944;127.658194
SRR12487040;37.449944;127.658194
SRR12487041;37.304056;127.618611
SRR12487043;37.304056;127.618611
SRR12487044;37.304056;127.618611
SRR12487047;36.969389;127.894244
SRR12274735;26.612750;80.275278
SRR12274736;29.956250;78.170889
SRR12274737;30.126500;78.353750
SRR12274738;30.145417;78.597667
SRR12274739;30.145389;78.598917
SRR12274740;30.147000;78.597611
SRR12274741;11.362944;77.742028
SRR12274742;12.426333;76.574611
SRR12274743;22.247705;76.147048
SRR12274744;22.763104;77.717161
SRR12274745;23.122590;79.818541
SRR12274746;22.700833;81.705278
SRR12274747;22.674661;81.758025
SRR12274748;26.885083;80.900783
SRR12274749;27.188717;80.802150
SRR12274750;27.350233;80.460250
SRR12274751;26.420361;80.422722
SRR12274752;12.384389;75.533250
SRR12274753;12.385389;75.491000
SRR12261223;43.099;-89.405
SRR12261224;43.099;-89.405
SRR12261225;43.099;-89.405
SRR12261226;43.099;-89.405
SRR12261227;43.099;-89.405
SRR12053438;51.97525;105.34712
SRR12053439;51.97525;105.34712
SRR12053440;51.780108;104.91655
SRR12053441;51.780108;104.91655
SRR12053442;51.780108;104.91655
SRR12053443;51.780108;104.91655
SRR12042536;49.69;-93.69
SRR12042537;49.69;-93.69
SRR11430612;47.744011;9.15217
SRR11430613;44.0228;1.459364
SRR11430614;42.775875;-0.261183
SRR11430615;41.497325;0.512892
SRR11430616;37.048097;-3.368361
SRR11430617;46.965417;10.9448
SRR10688474;49.13;16.63
SRR10599098;31;117
SRR10599099;31;117
SRR10599100;31;117
SRR10599101;31;117
SRR10599102;31;117
SRR10599103;31;117
SRR10599104;31;117
SRR10599105;31;117
SRR10599106;31;117
SRR10599107;31;117
SRR10599108;31;117
SRR10599109;31;117
SRR10599110;31;117
SRR10599111;31;117
SRR10599112;31;117
SRR10599113;31;117
SRR10492803;36.78;100.00
SRR10132616;40.02722;116.3567
SRR10132617;40.02694;116.3528
SRR10132618;40.02639;116.3489
SRR10132619;40.02778;116.3606
SRR10132620;40.02972;116.3722
SRR10132621;40.02917;116.3681
SRR10132623;40.02833;116.3642
SRR10132624;40.02722;116.3567
SRR10132625;40.02694;116.3528
SRR10132626;40.02639;116.3489
SRR10132627;40.02778;116.3606
SRR10132628;40.02972;116.3722
SRR10132629;40.02917;116.3681
SRR10132630;40.02833;116.3642
SRR10132631;40.02722;116.3567
SRR10132632;40.02694;116.3528
SRR10132635;40.02639;116.3489
SRR10132636;40.02778;116.3606
SRR10132637;40.02972;116.3722
SRR10132638;40.02917;116.3681
SRR10132639;40.02833;116.3642
SRR10132640;40.02722;116.3567
SRR10132641;40.02694;116.3528
SRR10132642;40.02639;116.3489
SRR10132643;40.02778;116.3606
SRR10132644;40.02972;116.3722
SRR10132646;40.02917;116.3681
SRR10132647;40.02833;116.3642
SRR10132648;40.02722;116.3567
SRR10132649;40.02694;116.3528
SRR10132650;40.02778;116.3606
SRR10132651;40.02917;116.3681
SRR10132652;40.02833;116.3642
SRR10132653;40.02722;116.3567
SRR10132654;40.02694;116.3528
SRR10132655;40.02917;116.3681
SRR10132657;40.02833;116.3642
SRR10132658;39.90611;116.5347
SRR10132659;39.90667;116.5303
SRR10132660;39.90722;116.5253
SRR10132661;39.90528;116.5400
SRR10132662;39.90639;116.5525
SRR10132663;39.90556;116.5478
SRR10132664;39.90583;116.5436
SRR10132665;39.90611;116.5347
SRR10132666;39.90667;116.5303
SRR10132668;39.90722;116.5253
SRR10132669;39.90528;116.5400
SRR10132670;39.90639;116.5525
SRR10132671;39.90556;116.5478
SRR10132672;39.90583;116.5436
SRR10132673;39.90611;116.5347
SRR10132674;39.90667;116.5303
SRR10132675;39.90722;116.5253
SRR10132676;39.90528;116.5400
SRR10132677;39.90639;116.5525
SRR10132679;39.90556;116.5478
SRR10132680;39.90583;116.5436
SRR10132681;39.90611;116.5347
SRR10132682;39.90667;116.5303
SRR10132683;39.90722;116.5253
SRR10132684;39.90528;116.5400
SRR10132685;39.90639;116.5525
SRR10132686;39.90556;116.5478
SRR10132687;39.90583;116.5436
SRR10132688;39.90611;116.5347
SRR10132690;39.90667;116.5303
SRR10132691;39.90722;116.5253
SRR10132692;39.90528;116.5400
SRR10132693;39.90639;116.5525
SRR10132694;39.90556;116.5478
SRR10132695;39.90583;116.5436
SRR10132696;39.90611;116.5347
SRR10132697;39.90667;116.5303
SRR10132698;39.90528;116.5400
SRR10132699;39.90556;116.5478
SRR10132701;39.90583;116.5436
SRR10131203;-20.0;-43.8
SRR10129838;40.37;115.79
SRR10129839;39.99;116.30
SRR10069935;-6.4021;-50.351
SRR10066347;81.0294;-81.6440
SRR10066348;81.0294;-81.6440
SRR10066349;81.0294;-81.6440
SRR10066350;81.0294;-81.6440
SRR10066351;81.0294;-81.6440
SRR10066352;81.0294;-81.6440
SRR10066353;81.0294;-81.6440
SRR10066354;81.0294;-81.6440
SRR10066355;81.0294;-81.6440
SRR10036018;38.943062;-94.593613
SRR10036019;38.903159;-94.578199
SRR10036020;38.903159;-94.578199
SRR10036021;39.119258;-94.476065
SRR10036022;39.119258;-94.476065
SRR10036023;39.119258;-94.476065
SRR10036024;39.119097;-94.489562
SRR10036025;38.939143;-94.561442
SRR10036026;39.119097;-94.489562
SRR10036027;39.119097;-94.489562
SRR10036028;39.087112;-94.49946
SRR10036029;39.087112;-94.49946
SRR10036030;39.087112;-94.49946
SRR10036031;39.017381;-94.521087
SRR10036032;39.017381;-94.521087
SRR10036033;39.017381;-94.521087
SRR10036034;38.943062;-94.593613
SRR10036035;38.943062;-94.593613
SRR10036036;38.939143;-94.561442
SRR10036037;38.932129;-94.61322
SRR10036038;38.932129;-94.61322
SRR10036039;38.932129;-94.61322
SRR10036040;38.93085;-94.631627
SRR10036041;38.93085;-94.631627
SRR10036042;38.93085;-94.631627
SRR10036043;38.922873;-94.625833
SRR10036044;38.922873;-94.625833
SRR10036045;38.922873;-94.625833
SRR10036046;38.956451;-94.560134
SRR10036047;38.9002091;-94.6489961
SRR10036048;38.9002091;-94.6489961
SRR10036049;38.9002091;-94.6489961
SRR10036050;38.942513;-94.737143
SRR10036051;38.942513;-94.737143
SRR10036052;38.942513;-94.737143
SRR10036053;38.900837;-94.739828
SRR10036054;38.900837;-94.739828
SRR10036055;38.900837;-94.739828
SRR10036056;38.93288;-94.69652
SRR10036057;38.956451;-94.560134
SRR10036058;38.93288;-94.69652
SRR10036059;38.93288;-94.69652
SRR10036060;38.92075;-94.699529
SRR10036061;38.92075;-94.699529
SRR10036062;38.92075;-94.699529
SRR10036063;38.925804;-94.697055
SRR10036064;38.925804;-94.697055
SRR10036065;38.925804;-94.697055
SRR10036066;38.857594;-94.7882
SRR10036067;38.857594;-94.7882
SRR10036068;38.956451;-94.560134
SRR10036069;38.857594;-94.7882
SRR10036070;38.818864;-94.778833
SRR10036071;38.818864;-94.778833
SRR10036072;38.818864;-94.778833
SRR10036073;38.813318;-94.670967
SRR10036074;38.813318;-94.670967
SRR10036075;38.813318;-94.670967
SRR10036076;38.842448;-94.612554
SRR10036077;38.842448;-94.612554
SRR10036078;38.842448;-94.612554
SRR10036079;38.952958;-94.563948
SRR10036080;38.854923;-94.615853
SRR10036081;38.854923;-94.615853
SRR10036082;38.854923;-94.615853
SRR10036083;38.891412;-94.583257
SRR10036084;38.891412;-94.583257
SRR10036085;38.891412;-94.583257
SRR10036086;38.939143;-94.561442
SRR10036087;38.939143;-94.561442
SRR10036088;38.939143;-94.561442
SRR10036089;38.903159;-94.578199
SRR10036090;38.952958;-94.563948
SRR10036091;38.952958;-94.563948
SRR9658105;42.39651;-85.40936
SRR9658106;42.39651;-85.40936
SRR9658107;42.76324;-84.405
SRR9658109;42.39651;-85.40936
SRR9658110;42.39651;-85.40936
SRR9658111;42.39651;-85.40936
SRR9658112;42.39651;-85.40936
SRR9658113;42.41803;-85.44348
SRR9658114;42.41803;-85.44348
SRR9658115;42.41803;-85.44348
SRR9658116;42.35212;-85.38545
SRR9658117;42.76324;-84.405
SRR9658118;42.76324;-84.405
SRR9658119;42.76324;-84.405
SRR9658120;42.76324;-84.405
SRR9658121;42.39651;-85.40936
SRR9658122;42.39757;-85.38536
SRR9658123;42.39757;-85.38536
SRR9658124;42.39757;-85.38536
SRR9658125;42.39757;-85.38536
SRR9658126;42.39757;-85.38536
SRR9658127;42.39757;-85.38536
SRR9658128;42.56518;-85.61352
SRR9658129;42.39757;-85.38536
SRR9658130;42.35212;-85.38545
SRR9658131;42.56518;-85.61352
SRR9658132;42.39651;-85.40936
SRR9658133;42.68079;-84.4871
SRR9658134;42.68079;-84.4871
SRR9658135;42.17991;-85.11844
SRR9658136;42.67928;-84.4849
SRR9658137;42.52346;-83.666
SRR9658138;42.52346;-83.666
SRR9658139;42.68079;-84.4871
SRR9658140;42.68059;-84.4831
SRR9658141;42.52346;-83.666
SRR9658142;42.52346;-83.666
SRR9658143;42.39651;-85.40936
SRR9658144;42.39651;-85.40936
SRR9658145;42.20619;-83.5666
SRR9658146;42.42421;-85.85677
SRR9658147;42.42421;-85.85677
SRR9658148;42.42421;-85.85677
SRR9658149;42.64643;-85.50279
SRR9658150;42.39651;-85.40936
SRR9658151;42.39651;-85.40936
DRR151115;35.027207;135.689977
DRR151114;35.027207;135.689976
SRR9302958;27.71;100.78
SRR9302959;24.48;102.88
SRR9302960;24.57;102.89
SRR9302961;25.90;100.15
SRR9302962;25.94;100.16
SRR9302963;24.36;102.79
SRR9302964;24.38;102.78
SRR9302965;24.95;102.66
SRR9302966;24.96;102.65
SRR9289416;41.6642;-87.5375
SRR9289418;41.6656;-87.5497
SRR9214414;48.616034;14.676594
SRR9214415;48.616034;14.676594
SRR9199084;48.616034;14.676594
SRR9214417;48.616034;14.676594
SRR9214418;48.616034;14.676594
SRR9061263;39.11049;117.7274
SRR9061264;39.27763;117.5778
SRR9061265;39.38984;117.5044
SRR9061266;40.1023;116.7319
SRR9061267;40.04623;116.7651
SRR9061268;39.97084;116.7628
SRR9061269;39.90758;116.7813
SRR9061270;39.90758;116.7813
SRR9061271;39.97084;116.7628
SRR9061272;39.90604;116.7613
SRR9061273;40.33768;116.7958
SRR9061274;40.12949;116.6711
SRR9061275;40.694;117.1617
SRR9061276;40.34758;116.8168
SRR9061277;40.36955;116.8359
SRR9061278;40.65039;117.1777
SRR9061279;40.61254;116.7956
SRR9061280;40.63165;116.775
SRR9061281;40.68011;117.1267
SRR9061282;40.56488;116.8022
SRR9061283;40.40766;116.8471
SRR9061284;39.15497;117.6609
SRR9061285;39.15863;117.6434
SRR9061286;40.1023;116.7319
SRR9061287;40.04623;116.7651
SRR9061288;40.12949;116.6711
SRR9061289;40.34758;116.8168
SRR9061290;40.56488;116.8022
SRR9061291;40.61254;116.7956
SRR9061292;40.63165;116.775
SRR9061293;40.65438;116.775
SRR9061294;40.694;117.1617
SRR9061295;40.68011;117.1267
SRR9061296;40.36955;116.8359
SRR9061297;40.40766;116.8471
SRR9061298;39.47033;117.479
SRR9061299;40.65039;117.1777
SRR9061300;40.43775;116.9959
SRR9061301;40.39061;116.9106
SRR9061302;39.76123;117.1858
SRR9061303;39.71022;117.2088
SRR9061304;39.67972;117.2903
SRR9061305;39.60959;117.3882
SRR9061306;40.34765;116.8369
SRR9061307;40.72984;116.6237
SRR9061308;40.61254;116.7956
SRR9061309;40.40766;116.8471
SRR9061310;40.34765;116.8369
SRR9061311;40.72984;116.6237
SRR9061312;40.65438;116.775
SRR9061313;40.63165;116.775
SRR9061314;39.60959;117.3882
SRR9061315;39.47033;117.479
SRR9061316;40.65039;117.1777
SRR9061317;40.43775;116.9959
SRR9061318;39.73796;117.1294
SRR9061319;39.78488;116.9725
SRR9061320;39.15497;117.6609
SRR9061321;39.15863;117.6434
SRR9061322;40.68011;117.1267
SRR9061323;40.36955;116.8359
SRR9061324;40.33768;116.7958
SRR9061325;40.34758;116.8168
SRR9061326;40.04623;116.7651
SRR9061327;40.1023;116.7319
SRR9061328;39.27763;117.5778
SRR9061329;39.90758;116.7813
SRR9061330;39.76123;117.1858
SRR9061331;39.71022;117.2088
SRR9061332;39.27763;117.5778
SRR9061333;39.15863;117.6434
SRR9061334;39.15497;117.6609
SRR9061335;39.11049;117.7274
SRR9061336;39.90604;116.7613
SRR9061337;39.85734;116.8424
SRR9061338;39.78488;116.9725
SRR9061339;39.73796;117.1294
SRR9061340;39.47033;117.479
SRR9061341;40.43775;116.9959
SRR9061342;39.85734;116.8424
SRR9061343;39.78488;116.9725
SRR9061344;39.11049;117.7274
SRR9061345;39.90604;116.7613
SRR9061346;39.67972;117.2903
SRR9061347;39.60959;117.3882
SRR9061348;39.73796;117.1294
SRR9061349;39.76123;117.1858
SRR9061350;39.38984;117.5044
SRR9061351;39.90758;116.7813
SRR9061352;39.97084;116.7628
SRR9061353;40.04623;116.7651
SRR9061354;40.1023;116.7319
SRR9061355;40.12949;116.6711
SRR9061356;40.33768;116.7958
SRR9061357;40.34758;116.8168
SRR9061358;40.72984;116.6237
SRR9061359;40.34765;116.8369
SRR9061360;39.71022;117.2088
SRR9061361;39.67972;117.2903
SRR9061362;39.27763;117.5778
SRR9061363;39.15863;117.6434
SRR9061364;39.11049;117.7274
SRR9061365;39.90604;116.7613
SRR9061366;39.85734;116.8424
SRR9061367;39.78488;116.9725
SRR9061368;39.73796;117.1294
SRR9061369;39.76123;117.1858
SRR9061370;40.34765;116.8369
SRR9061371;40.39061;116.9106
SRR9061372;40.65438;116.775
SRR9061373;40.72984;116.6237
SRR9061374;39.47033;117.479
SRR9061375;39.60959;117.3882
SRR9061376;40.43775;116.9959
SRR8894378;24.541;102.895
SRR8894379;24.541;102.895
SRR8894380;24.541;102.895
SRR8894381;24.541;102.895
SRR8894382;24.541;102.895
SRR8870486;28.627552;77.253977
SRR8870488;28.627552;77.253977
SRR8837834;53.7;109.11
SRR8837835;53.7;109.11
SRR8837836;53.93;109.03
SRR8837837;53.93;109.03
SRR8837838;53.9;109.07
SRR8837839;53.9;109.07
SRR8837840;53.71;109.07
SRR8837841;53.71;109.07
SRR8837842;53.96;109.17
SRR8837843;53.96;109.17
SRR8837844;52.14;105.78
SRR8837845;52.14;105.78
SRR8837846;52.14;105.78
SRR8837847;52.14;105.78
SRR8837848;51.67;104.05
SRR8837849;51.67;104.05
SRR8837850;51.67;104.05
SRR8837851;52.14;105.78
SRR8837852;51.87;105.08
SRR8837853;51.87;105.08
SRR8837854;51.67;104.05
SRR8837855;51.87;105.08
SRR8837856;52.14;105.78
SRR8837857;52.14;105.78
SRR8837858;54.86;109.46
SRR8837859;52.37;106.29
SRR8837860;52.37;106.29
SRR8837861;52.14;105.78
SRR8837862;54.86;109.46
SRR8837863;54.86;109.46
SRR8837864;54.86;109.46
SRR8837865;54.86;109.46
SRR8837866;53.82;109.11
SRR8837867;53.82;109.16
SRR8837868;53.83;109.07
SRR8837869;53.82;109.11
SRR8837870;53.88;109.18
SRR8837871;53.83;109.07
SRR8837872;54.01;108.42
SRR8837873;53.88;109.18
SRR8837874;54.01;108.42
SRR8837875;54.01;108.42
SRR8837876;53.66;109.08
SRR8837877;53.66;109.08
SRR8837878;53.69;109.14
SRR8837879;53.69;109.14
SRR8837880;53.77;109.12
SRR8837881;53.77;109.12
SRR8837882;53.77;109.07
SRR8837883;53.77;109.07
SRR8837884;53.77;109.15
SRR8837885;53.82;109.16
SRR8837886;53.5;108.79
SRR8837887;53.5;108.79
SRR8837888;53.5;108.79
SRR8837889;53.5;108.79
SRR8837890;53.5;108.79
SRR8837891;53.5;108.79
SRR8837892;53.54;108.87
SRR8837893;53.54;108.87
SRR8837894;53.54;108.87
SRR8837895;53.54;108.87
SRR8837896;51.67;104.05
SRR8837897;53.33;107.5
SRR8837898;53.33;107.5
SRR8837899;53.33;107.5
SRR8837900;53.33;107.5
SRR8837901;53.33;107.5
SRR8837902;53.46;108.04
SRR8837903;53.46;108.04
SRR8837904;53.46;108.04
SRR8837905;53.33;107.5
SRR8837906;53.33;107.5
SRR8837907;54.01;108.42
SRR8837908;54.01;108.42
SRR8837909;54.01;108.42
SRR8837910;54.01;108.42
SRR8837911;54.01;108.42
SRR8837912;53.46;108.04
SRR8837913;53.46;108.04
SRR8837914;53.46;108.04
SRR8837915;53.46;108.04
SRR8837916;53.46;108.04
SRR8837917;54.86;109.46
SRR8837918;54.86;109.46
SRR8837919;54.86;109.46
SRR8837920;54.86;109.46
SRR8837921;54.86;109.46
SRR8837922;54.86;109.46
SRR8837923;52.82;107.15
SRR8837924;52.82;107.15
SRR8837925;52.4;106.84
SRR8837926;52.4;106.84
SRR8837927;52.82;107.15
SRR8837928;52.82;107.15
SRR8837929;52.82;107.15
SRR8837930;52.82;107.15
SRR8837931;53.13;106.95
SRR8837932;53.13;106.95
SRR8837933;53.13;106.95
SRR8837934;53.13;106.95
SRR8837935;53.33;107.5
SRR8837936;53.13;106.95
SRR8837937;51.87;105.08
SRR8837938;51.87;105.08
SRR8837939;51.67;104.05
SRR8837940;51.67;104.05
SRR8837941;51.67;104.05
SRR8837942;51.67;104.05
SRR8837943;51.87;105.08
SRR8837944;51.87;105.08
SRR8837945;51.67;104.05
SRR8837946;51.87;105.08
SRR8675718;5.531166667;5.701194444
SRR8675719;5.532916667;5.648500000
SRR8675720;5.512361111;5.747027778
SRR8675721;5.540916667;5.628305556
SRR8675722;5.51275;5.733194445
SRR8675723;5.511555556;5.745583333
SRR8675724;5.529722222;5.700972222
SRR8675725;5.530944445;5.701194444
SRR8675726;5.540916667;5.628305556
SRR8675727;5.538138889;5.66525
SRR8675728;5.532916667;5.648500000
SRR8675729;5.531166667;5.701194444
SRR8675730;5.530944445;5.701194444
SRR8675731;5.529722222;5.700972222
SRR8675732;5.51275;5.733194445
SRR8675733;5.538138889;5.66525
SRR8675734;5.540916667;5.628305556
SRR8675735;5.512361111;5.747027778
SRR8675736;5.51275;5.733194445
SRR8675737;5.538138889;5.66525
SRR8675738;5.529722222;5.700972222
SRR8675739;5.511555556;5.745583333
SRR8675740;5.532916667;5.648500000
SRR8675741;5.530944445;5.701194444
SRR8675742;5.529722222;5.700972222
SRR8675743;5.511555556;5.745583333
SRR8675744;5.538138889;5.66525
SRR8675745;5.540916667;5.628305556
SRR8675746;5.511555556;5.745583333
SRR8675747;5.51275;5.733194445
SRR8675748;5.531166667;5.701194444
SRR8675749;5.530944445;5.701194444
SRR8675750;5.512361111;5.747027778
SRR8675751;5.532916667;5.648500000
SRR8561390;51.787400;104.939100
SRR8561391;51.787400;104.939100
SRR8517158;49.77;-93.82
SRR8517159;49.77;-93.82
SRR8517160;49.69;-93.69
SRR8517161;49.69;-93.69
SRR8517162;49.69;-93.69
SRR8517163;49.69;-93.69
SRR8369884;23.1037;113.3014
SRR8369885;23.1037;113.3010
SRR8369886;23.1037;113.3012
SRR8369887;23.1037;113.3008
SRR8209851;22.5121;88.3637
SRR8209852;22.5121;88.3637
SRR8191144;41.3840;-82.5130
SRR8191145;41.3840;-82.5130
SRR8146599;66.753112;32.784200
SRR8126707;38.91;-76.96
SRR8126708;38.91;-76.96
SRR8126709;38.91;-76.96
SRR8126710;38.91;-76.96
SRR8126711;38.91;-76.96
SRR8126712;38.91;-76.96
SRR8126713;38.91;-76.96
SRR8126714;38.91;-76.96
SRR8126715;38.91;-76.96
SRR8126716;38.91;-76.96
SRR8126717;38.91;-76.96
SRR8126718;38.91;-76.96
SRR8126719;38.91;-76.96
SRR8126720;38.91;-76.96
SRR8126721;38.91;-76.96
SRR8126722;38.91;-76.96
SRR8126723;38.91;-76.96
SRR8126724;38.91;-76.96
SRR8126725;38.91;-76.96
SRR8126726;38.91;-76.96
SRR8126727;38.91;-76.96
SRR8126728;38.91;-76.96
SRR8126729;38.91;-76.96
SRR8126730;38.91;-76.96
SRR8126731;38.91;-76.96
SRR8126732;38.91;-76.96
SRR8126733;38.91;-76.96
SRR8126734;38.91;-76.96
SRR8126735;38.91;-76.96
SRR8126736;38.91;-76.96
SRR8126737;38.91;-76.96
SRR8126738;38.91;-76.96
SRR8075934;34.261117;-83.950069
SRR8075935;34.261117;-83.950069
SRR8075936;34.261117;-83.950069
SRR8075938;34.261117;-83.950069
SRR8075940;29.718121;-84.888527
SRR8075941;31.66294;-85.062168
SRR8075942;29.718121;-84.888527
SRR8075943;29.718121;-84.888527
SRR8075944;29.719072;-84.981177
SRR8075946;29.719072;-84.981177
SRR8075947;29.719072;-84.981177
SRR8075948;31.66294;-85.062168
SRR8075949;31.66294;-85.062168
SRR8075950;34.261117;-83.950069
SRR8075952;32.933463;-85.19634
SRR8075953;32.933463;-85.19634
SRR8075954;34.261117;-83.950069
SRR8075955;29.719072;-84.981177
SRR8075958;34.261117;-83.950069
SRR8075960;32.664624;-85.087393
SRR8075961;34.261117;-83.950069
SRR8075962;32.664624;-85.087393
SRR8075963;32.664624;-85.087393
SRR8075964;31.66294;-85.062168
SRR8075965;32.664624;-85.087393
SRR8075975;34.261117;-83.950069
SRR8075976;34.261117;-83.950069
SRR8075977;31.66294;-85.062168
SRR8075978;32.933463;-85.19634
SRR8075979;29.718121;-84.888527
SRR8075980;31.66294;-85.062168
SRR8075982;34.261117;-83.950069
SRR8075983;34.261117;-83.950069
SRR8075984;34.261117;-83.950069
SRR8075985;30.743083;-84.858652
SRR8075986;30.743083;-84.858652
SRR8075987;30.743083;-84.858652
SRR8075988;30.743083;-84.858652
SRR8075989;32.933463;-85.19634
SRR8075990;32.933463;-85.19634
SRR8075991;30.743083;-84.858652
SRR8075992;32.664624;-85.087393
SRR8075993;31.66294;-85.062168
SRR7877878;31.76;-106.48
SRR7877879;31.76;-106.48
SRR7877880;31.76;-106.48
SRR7877881;31.76;-106.48
SRR7877882;31.76;-106.48
SRR7877883;31.76;-106.48
SRR7877884;37.87;-122.25
SRR7877885;31.76;-106.48
SRR7877886;31.76;-106.49
SRR7877887;31.76;-106.48
SRR7877888;31.76;-106.48
SRR7877889;31.76;-106.48
SRR7877890;31.76;-106.48
SRR7514472;58.778056;-111.338851
SRR7514473;58.778056;-111.338851
SRR7514474;58.778056;-111.338851
SRR7514475;58.778056;-111.338851
SRR7514476;58.778056;-111.338851
SRR7514477;58.778056;-111.338851
SRR7514478;58.778056;-111.338851
SRR7514479;58.778056;-111.338851
SRR7514480;58.778056;-111.338851
SRR7514481;58.778056;-111.338851
SRR7514482;58.778056;-111.338851
SRR7514483;58.778056;-111.338851
SRR7514484;58.778056;-111.338851
SRR7514485;58.778056;-111.338851
SRR7514486;58.778056;-111.338851
SRR7514487;58.778056;-111.338851
SRR7514488;58.778056;-111.338851
SRR7514489;58.778056;-111.338851
SRR7514490;58.778056;-111.338851
SRR7514491;58.778056;-111.338851
SRR7514492;58.778056;-111.338851
SRR7514493;58.778056;-111.338851
SRR7514494;58.778056;-111.338851
SRR7514495;58.778056;-111.338851
SRR7514496;58.778056;-111.338851
SRR7514497;58.778056;-111.338851
SRR7514498;58.778056;-111.338851
SRR7514499;58.778056;-111.338851
SRR7514500;58.778056;-111.338851
SRR7514501;58.778056;-111.338851
SRR7514502;58.778056;-111.338851
SRR7514503;58.778056;-111.338851
SRR7514504;58.778056;-111.338851
SRR7514505;58.778056;-111.338851
SRR7514506;58.778056;-111.338851
SRR7514507;58.778056;-111.338851
SRR7514508;58.778056;-111.338851
SRR7514509;58.778056;-111.338851
SRR7514510;58.778056;-111.338851
SRR7514511;58.778056;-111.338851
SRR7514512;58.778056;-111.338851
SRR7514513;58.778056;-111.338851
SRR7514514;58.778056;-111.338851
SRR7514515;58.778056;-111.338851
SRR7468254;58.778056;-111.338851
SRR7468255;58.778056;-111.338851
SRR7468256;58.778056;-111.338851
SRR7468257;58.778056;-111.338851
SRR7468258;58.778056;-111.338851
SRR7468259;58.778056;-111.338851
SRR7468260;58.778056;-111.338851
SRR7468261;58.778056;-111.338851
SRR7468262;58.778056;-111.338851
SRR7468263;58.778056;-111.338851
SRR7468264;58.778056;-111.338851
SRR7468265;58.778056;-111.338851
SRR7468266;58.778056;-111.338851
SRR7468267;58.778056;-111.338851
SRR7468268;58.778056;-111.338851
SRR7468269;58.778056;-111.338851
SRR7468270;58.778056;-111.338851
SRR7468271;58.778056;-111.338851
SRR7468272;58.778056;-111.338851
SRR7468273;58.778056;-111.338851
SRR7468274;58.778056;-111.338851
SRR7468275;58.778056;-111.338851
SRR7468276;58.778056;-111.338851
SRR7468277;58.778056;-111.338851
SRR7468278;58.778056;-111.338851
SRR7468279;58.778056;-111.338851
SRR7468280;58.778056;-111.338851
SRR7468281;58.778056;-111.338851
SRR7468282;58.778056;-111.338851
SRR7468283;58.778056;-111.338851
SRR7468284;58.778056;-111.338851
SRR7468285;58.778056;-111.338851
SRR7468286;58.778056;-111.338851
SRR7468287;58.778056;-111.338851
SRR7468288;58.778056;-111.338851
SRR7468289;58.778056;-111.338851
SRR7468290;58.778056;-111.338851
SRR7468291;58.778056;-111.338851
SRR7468292;58.778056;-111.338851
SRR7468293;58.778056;-111.338851
SRR7468294;58.778056;-111.338851
SRR7468295;58.778056;-111.338851
SRR7468296;58.778056;-111.338851
SRR7468297;58.778056;-111.338851
SRR7468298;58.778056;-111.338851
SRR7468299;58.778056;-111.338851
SRR7468300;58.778056;-111.338851
SRR7468301;58.778056;-111.338851
SRR7468302;58.778056;-111.338851
SRR7468303;58.778056;-111.338851
SRR7468304;58.778056;-111.338851
SRR7468305;58.778056;-111.338851
SRR7468306;58.778056;-111.338851
SRR7468307;58.778056;-111.338851
SRR7468308;58.778056;-111.338851
SRR7468309;58.778056;-111.338851
SRR7468310;58.778056;-111.338851
SRR7468311;58.778056;-111.338851
SRR7468312;58.778056;-111.338851
SRR7468313;58.778056;-111.338851
SRR7468314;58.778056;-111.338851
SRR7369907;33.11;120.26
SRR7369908;33.11;120.26
SRR7369909;33.11;120.26
SRR7369910;33.11;120.26
SRR7369911;33.11;120.26
SRR7369912;33.11;120.26
SRR7369913;33.11;120.26
SRR7369914;33.11;120.26
SRR7369915;33.11;120.26
SRR7369916;33.11;120.26
SRR7369917;33.11;120.26
SRR7369918;33.11;120.26
SRR7369919;33.11;120.26
SRR7369920;33.11;120.26
SRR7369921;33.11;120.26
SRR7369922;33.11;120.26
SRR7369923;33.11;120.26
SRR7369924;33.11;120.26
SRR7249133;40.412250;-104.563270
SRR7249134;40.417740;-104.640170
SRR7054680;47.30;8.57
SRR7054681;47.30;8.57
SRR6986807;47.23;132.05
SRR6986808;29.16;88.49
SRR6986809;31.09;121.21
SRR6986810;31.12;121.26
SRR6986811;1.21;103.43
SRR6986812;47.25;132.03
SRR6986813;22.47;108.21
SRR6986814;22.15;114.15
SRR6986815;29.21;111.49
SRR6986816;22.43;108.19
SRR6986817;37.45;112.39
SRR6986818;29.17;111.53
SRR6986819;38.28;106.13
SRR6986820;38.03;116.20
SRR6986821;31.14;121.29
SRR6986822;34.52;118.43
SRR6986823;36.06;120.20
SRR6986824;34.55;118.41
SRR6986825;31.10;121.27
SRR6986826;36.04;120.19
SRR6797127;47.25;132.03
SRR6797128;38.54;121.38
SRR6797129;39.10;117.10
SRR6797130;38.03;116.20
SRR6797131;36.04;120.19
SRR6797132;34.52;118.43
SRR6797133;34.15;117.11
SRR6797134;32.03;118.46
SRR6797135;31.12;121.26
SRR6797136;22.15;114.15
SRR6797137;29.17;111.53
SRR6797138;34.44;113.42
SRR6797139;37.42;112.45
SRR6797140;39.36;105.08
SRR6797141;22.12;113.32
SRR6797142;40.36;120.48
SRR6797143;23.10;113.18
SRR6797144;22.47;108.21
SRR6797145;38.28;106.13
SRR6797146;30.39;104.04
SRR6797147;41.09;80.18
SRR6797148;29.16;88.49
SRR6797149;-26.10;28.00
SRR6797150;1.21;103.43
SRR6797151;37.25;-122.10
SRR6787039;48.846361;14.487639
SRR6754086;48.846361;14.487639
SRR6754087;48.846361;14.487639
SRR6754088;48.846361;14.487639
SRR6754089;48.846361;14.487639
SRR6791932;48.846361;14.487639
SRR6754092;48.846361;14.487639
SRR6754093;48.846361;14.487639
SRR6754094;48.846361;14.487639
SRR6754095;48.846361;14.487639
SRR6754096;48.846361;14.487639
SRR6754097;48.846361;14.487639
SRR6754098;48.846361;14.487639
SRR6754099;48.846361;14.487639
SRR6754100;48.846361;14.487639
SRR6754101;48.846361;14.487639
SRR6754102;48.846361;14.487639
SRR6754103;48.846361;14.487639
SRR6475630;47.30;8.57
SRR6475631;47.30;8.57
SRR6475632;47.30;8.57
SRR6475633;47.30;8.57
SRR6470656;31.22;120.19
SRR6470657;31.28;120.16
SRR6470658;31.22;120.18
SRR6470659;31.22;120.17
SRR6470660;31.28;120.18
SRR6470661;31.15;120.15
SRR6470662;31.28;120.17
SRR6470663;31.22;120.20
SRR6470664;31.28;120.20
SRR6470665;31.28;120.19
SRR6470666;31.28;120.15
SRR6470667;31.22;120.16
SRR6470668;31.22;120.14
SRR6470669;31.28;120.10
SRR6470670;31.28;120.11
SRR6470671;31.18;119.57
SRR6470672;31.22;120.15
SRR6470673;31.28;120.12
SRR6470674;31.28;120.14
SRR6470675;31.28;120.13
SRR6470676;31.32;120.15
SRR6470677;31.28;120.21
SRR6470678;31.32;120.13
SRR6470679;31.32;120.14
SRR6470680;31.32;120.16
SRR6470681;31.32;120.17
SRR6466468;22.72;113.60
SRR6466469;23.16;112.83
SRR6466470;23.17;112.77
SRR6466471;23.69;113.01
SRR6423776;1.34;103.92
SRR6423777;1.40;103.81
SRR6423778;1.34;103.83
SRR6423779;1.34;103.915
SRR6423780;1.39;103.91
SRR6423781;1.41;103.72
SRR6423782;1.40;103.79
SRR6423783;1.40;103.80
SRR6423784;1.34;103.831
SRR6423785;1.34;103.914
SRR6423786;1.29;103.841
SRR6423787;1.29;103.861
SRR6423788;1.40;103.791
SRR6423789;1.40;103.801
SRR6423790;1.34;103.921
SRR6423791;1.41;103.731
SRR6423792;1.39;103.911
SRR6423793;1.32;103.871
SRR6423794;1.30;103.891
SRR6423795;1.39;103.921
SRR6423796;1.38;103.911
SRR6423797;1.381;103.916
SRR6423798;1.38;103.921
SRR6423799;1.31;103.721
SRR6423800;1.42;103.721
SRR6423801;1.40;103.811
SRR6423802;1.42;103.72
SRR6423803;1.31;103.72
SRR6423804;1.38;103.92
SRR6423805;1.381;103.915
SRR6423806;1.38;103.91
SRR6423807;1.39;103.92
SRR6423808;1.30;103.89
SRR6423809;1.32;103.87
SRR6423810;1.29;103.84
SRR6423811;1.29;103.86
SRR2989666;25.84;100.18
SRR2989665;25.91;100.15
SRR2989663;24.72;102.64
SRR2989662;24.75;102.63
SRR2989661;24.77;102.69
SRR2989660;24.86;102.71
SRR2989659;24.89;102.72
SRR2989658;24.93;102.66
SRR2989656;24.72;102.64
SRR2989654;24.75;102.63
SRR2989653;24.77;102.69
SRR2989652;24.86;102.71
SRR2989651;24.89;102.72
SRR2989584;24.93;102.66
SRR2990523;25.65;100.24
SRR2990522;25.70;100.24
SRR2990505;25.75;100.19
SRR2990504;25.80;100.15
SRR2990503;25.84;100.18
SRR2990502;25.91;100.15
SRR2989722;25.65;100.24
SRR2989721;25.70;100.24
SRR2989684;25.75;100.19
SRR2989683;25.80;100.15
SRR2962531;25.65;100.24
SRR2962530;25.70;100.24
SRR2962529;25.75;100.19
SRR2962526;25.80;100.15
SRR2962524;25.84;100.18
SRR2962523;25.91;100.15
SRR2962522;25.65;100.24
SRR2962521;25.70;100.24
SRR2962520;25.75;100.19
SRR2962519;25.80;100.15
SRR2962518;25.84;100.18
SRR2962517;25.91;100.15
SRR2962516;24.72;102.64
SRR2962511;24.75;102.63
SRR2962507;24.77;102.69
SRR2962506;24.86;102.71
SRR2962505;24.89;102.72
SRR2962504;24.93;102.66
SRR2962503;24.72;102.64
SRR2962502;24.75;102.63
SRR2962501;24.77;102.69
SRR2962500;24.86;102.71
SRR2962498;24.89;102.72
SRR2962224;24.93;102.66
SRR2082964;42.87;-79.43
SRR1522974;-36.36;-48.17
SRR1522973;-11.83;-36.75
SRR1522971;-50.96;-19.76
SRR1522964;-12.46;-31.30
SRR1518285;-8.03;-54.69
SRR1515032;-7.45;-13.91
SRR1514963;-3.86;-23.04
SRR6321504;22.5628;113.9659
SRR6321499;22.5628;113.9659
SRR6317135;22.5628;113.9659
SRR6317132;22.5628;113.9659
SRR6262235;24.82;118.16
SRR6262236;24.82;118.16
SRR6262237;24.82;118.16
SRR6262238;24.82;118.16
SRR6262239;24.82;118.16
SRR6262240;24.82;118.16
SRR6262241;24.82;118.16
SRR6262242;24.82;118.16
SRR6262243;24.82;118.16
SRR6262244;24.82;118.16
SRR6262245;24.82;118.16
SRR6262246;24.82;118.16
SRR6237650;42.43592;-71.14935
SRR6237655;42.43592;-71.14935
SRR6201526;41.77;-81.73
SRR6201524;41.77;-81.73
SRR6201002;43.099444;-89.404444
SRR6197918;43.099444;-89.404444
SRR5997540;1.42;103.72
SRR5997541;1.31;103.72
SRR5997542;1.29;103.84
SRR5997543;1.29;103.86
SRR5997544;1.30;103.89
SRR5997545;1.32;103.87
SRR5997546;1.38;103.91
SRR5997547;1.39;103.92
SRR5997548;1.38;103.92
SRR5997549;1.381;103.915
SRR5997550;1.391;103.86
SRR5997551;1.41;103.73
SRR5997552;1.41;103.72
SRR5896114;51.7874;104.9391
SRR5896115;51.7874;104.9391
SRR5857879;43.2047;-79.2660
SRR5857880;43.2052;-79.2648
SRR5857881;43.2043;-79.2669
SRR5857882;43.3698;-79.3981
SRR5857883;42.8723;-79.4188
SRR5857884;42.8722;-79.4272
SRR5857885;42.8744;-79.4289
SRR5857886;42.8754;-79.4299
SRR5857887;42.8638;-79.3862
SRR5857888;43.2047;-79.2660
SRR5857889;43.0873;-79.2916
SRR5857890;42.9974;-79.0409
SRR5857891;42.9477;-79.3783
SRR5857892;43.2251;-79.1827
SRR5857893;43.1983;-79.2647
SRR5857894;43.0500;-79.1326
SRR5857895;43.1156;-79.5665
SRR5857896;42.9551;-79.0159
SRR5857897;43.2211;-79.2258
SRR5857898;43.1897;-79.4969
SRR5857899;43.1250;-79.0813
SRR5857900;43.0746;-79.8080
SRR5857901;43.1250;-79.0813
SRR5857902;43.1120;-79.1756
SRR5857903;43.2573;-79.0866
SRR5857904;42.9885;-79.2663
SRR5857905;42.9803;-79.2853
SRR5857906;43.0056;-79.4823
SRR5857907;43.0646;-79.7947
SRR5857908;42.9968;-79.5662
SRR5857909;42.9720;-79.3177
SRR5857910;42.8864;-78.9547
SRR5857911;43.0213;-79.6177
SRR5857912;43.0287;-79.2110
SRR5857913;43.1250;-79.0813
SRR5857914;42.9848;-79.2728
SRR5857915;42.9947;-79.2501
SRR5857916;43.2532;-79.1259
SRR5857917;42.9309;-78.9375
SRR5857918;43.0462;-79.1230
SRR5857919;43.1268;-79.3959
SRR5857920;42.9720;-79.3177
SRR5857921;42.9968;-79.5662
SRR5857922;43.1113;-79.8815
SRR5857923;43.1601;-79.9312
SRR5857924;43.0213;-79.6177
SRR5857925;43.0998;-79.8132
SRR5857926;43.0414;-79.1230
SRR5857927;43.1268;-79.3959
SRR5857928;43.1613;-79.9368
SRR5857929;43.1707;-79.9474
SRR5857930;43.0575;-79.2858
SRR5857931;43.1519;-79.3745
SRR5857932;43.1333;-79.3835
SRR5857933;43.0838;-79.4748
SRR5857934;43.1342;-79.7453
SRR5857935;42.9968;-79.5662
SRR5857936;43.0213;-79.6177
SRR5857937;43.2162;-79.2121
SRR5857938;43.0274;-79.6322
SRR5857939;43.0745;-79.5250
SRR5857940;43.0414;-79.1230
SRR5857941;43.0393;-79.0821
SRR5857942;43.2532;-79.1259
SRR5857529;43.1268;-79.3959
SRR5857530;43.0638;-79.2749
SRR5857531;43.0731;-79.3093
SRR5857532;42.9725;-79.0184
SRR5857533;42.9460;-79.0683
SRR5857534;42.9725;-79.0184
SRR5857535;42.9460;-79.0683
SRR5857536;43.0998;-79.8132
SRR5857537;42.8481;-79.0951
SRR5857538;43.0638;-79.2749
SRR5857539;42.8381;-79.1951
SRR5857540;42.8721;-79.2181
SRR5857541;42.8760;-79.2804
SRR5857542;43.2043;-79.2669
SRR5857543;43.2052;-79.2648
SRR5857544;43.2047;-79.2660
SRR5857545;42.8864;-78.9547
SRR5857546;42.8723;-79.4188
SRR5857547;42.8698;-79.3981
SRR5857548;43.1707;-79.9474
SRR5857549;42.8744;-79.4289
SRR5857550;42.8722;-79.4272
SRR5857551;42.8723;-79.4188
SRR5857552;42.8698;-79.3981
SRR5857553;42.8744;-79.4289
SRR5857554;42.8722;-79.4272
SRR5857555;42.8638;-79.3862
SRR5857556;42.8754;-79.4299
SRR5857557;43.2052;-79.2648
SRR5857558;43.2047;-79.2660
SRR5857559;42.8698;-79.3981
SRR5857560;43.2043;-79.2669
SRR5857561;43.0575;-79.2858
SRR5857562;43.0731;-79.3093
SRR5857563;43.0689;-79.7805
SRR5857564;43.0125;-79.2370
SRR5857565;42.8748;-79.4526
SRR5857566;42.8680;-79.3659
SRR5857567;43.1628;-79.8865
SRR5857568;43.1162;-79.2121
SRR5857569;43.1342;-79.7553
SRR5857570;43.0838;-79.4748
SRR5857571;42.8763;-79.0199
SRR5857572;43.1033;-79.2112
SRR5857573;43.0339;-79.0481
SRR5857574;42.8733;-79.2045
SRR5857575;43.2336;-79.1633
SRR5857576;43.1250;-79.0813
SRR5857577;43.1120;-79.1756
SRR5857578;43.2573;-79.0866
SRR5857579;43.2251;-79.1827
SRR5857580;43.1983;-79.2647
SRR5857581;43.1717;-79.3363
SRR5857582;42.9725;-79.0184
SRR5857583;42.9460;-79.0683
SRR5857584;43.0731;-79.3093
SRR5857585;42.9974;-79.0409
SRR5857586;42.8638;-79.3862
SRR5857587;43.1120;-79.1756
SRR5857588;43.1033;-79.2112
SRR5857589;42.8638;-79.3862
SRR5857590;42.8754;-79.4299
SRR5857591;42.8744;-79.4289
SRR5857592;42.8722;-79.4272
SRR5857593;42.9180;-78.9714
SRR5857594;42.9309;-78.9375
SRR5857595;42.8721;-79.2181
SRR5857596;43.1997;-79.5572
SRR5857597;42.8760;-79.2804
SRR5857598;43.1635;-79.3156
SRR5857599;42.8748;-79.4526
SRR5857600;42.8680;-79.3659
SRR5857601;43.1717;-79.3363
SRR5857602;43.0482;-79.7423
SRR5857603;43.1113;-79.8815
SRR5857604;43.1601;-79.9312
SRR5857605;43.0339;-79.0481
SRR5857606;43.0920;-79.2617
SRR5857607;42.8181;-79.0961
SRR5857608;42.8733;-79.2045
SRR5857609;43.1033;-79.2112
SRR5857610;42.8763;-79.0199
SRR5857611;43.1613;-79.9368
SRR5857612;43.1707;-79.9474
SRR5857613;43.1333;-79.3835
SRR5857614;42.9477;-79.3783
SRR5857615;43.1537;-79.3346
SRR5857616;43.1519;-79.3745
SRR5857617;42.8638;-79.3862
SRR5857618;43.0393;-79.0821
SRR5857619;42.8744;-79.4289
SRR5857620;42.8754;-79.4299
SRR5857621;42.8723;-79.4188
SRR5857622;42.8722;-79.4272
SRR5857623;43.2043;-79.2669
SRR5857624;42.8698;-79.3981
SRR5857625;43.2047;-79.2660
SRR5857626;43.2052;-79.2648
SRR5857627;42.8754;-79.4299
SRR5857628;43.1913;-79.8989
SRR5857629;42.8638;-79.3862
SRR5857630;42.8754;-79.4299
SRR5857631;43.0875;-79.2920
SRR5857632;43.1150;-79.2748
SRR5857633;43.0622;-79.2936
SRR5857634;43.0873;-79.2916
SRR5857635;43.1997;-79.5572
SRR5857636;43.1635;-79.3156
SRR5857637;43.0920;-79.2617
SRR5857638;43.0339;-79.0481
SRR5857639;42.9885;-79.2663
SRR5857640;42.9803;-79.2853
SRR5857641;42.9698;-79.0481
SRR5857642;42.8723;-79.4188
SRR5857643;42.8723;-79.4188
SRR5857644;42.9725;-79.0184
SRR5857645;43.0056;-79.4823
SRR5857646;43.0646;-79.7947
SRR5857647;42.9910;-79.6773
SRR5857648;42.9806;-79.5623
SRR5857649;42.8722;-79.4272
SRR5857650;43.0274;-79.6322
SRR5857651;43.0075;-79.1120
SRR5857652;43.1120;-79.4216
SRR5857653;43.1537;-79.3346
SRR5857654;43.1142;-79.1396
SRR5857655;43.1913;-79.8989
SRR5857656;43.2537;-79.0955
SRR5857657;43.2052;-79.2648
SRR5857658;43.2043;-79.2669
SRR5857659;43.0287;-79.2110
SRR5857660;43.2047;-79.2660
SRR5857661;42.9848;-79.2728
SRR5857662;42.9947;-79.2501
SRR5857663;42.8733;-79.2045
SRR5857664;42.8763;-79.0199
SRR5857665;43.0920;-79.2617
SRR5857666;43.0339;-79.0481
SRR5857667;42.8722;-79.4272
SRR5857668;42.8744;-79.4289
SRR5857669;42.9910;-79.6773
SRR5857670;42.9806;-79.5623
SRR5857671;42.8744;-79.4289
SRR5857672;42.8754;-79.4299
SRR5857673;42.8723;-79.4188
SRR5857674;42.8722;-79.4272
SRR5857675;43.2052;-79.2648
SRR5857676;43.2043;-79.2669
SRR5857677;42.8638;-79.3862
SRR5857678;43.2047;-79.2660
SRR5857679;42.8698;-79.3981
SRR5857680;42.8723;-79.4188
SRR5857681;43.2047;-79.2660
SRR5857682;43.1519;-79.3745
SRR5857683;43.1333;-79.3835
SRR5857684;43.2052;-79.2648
SRR5857685;43.0575;-79.2858
SRR5857686;43.0622;-79.2936
SRR5857687;43.0638;-79.2749
SRR5857688;43.0875;-79.2920
SRR5857689;42.8722;-79.4272
SRR5857690;43.0920;-79.2617
SRR5857691;43.1150;-79.2748
SRR5857692;42.9744;-79.4289
SRR5857693;43.0646;-79.7947
SRR5857694;43.0746;-79.8080
SRR5857695;43.0482;-79.7423
SRR5857696;43.1120;-79.1756
SRR5857697;42.9720;-79.3177
SRR5857698;42.9848;-79.2728
SRR5857699;42.9947;-79.2501
SRR5857700;43.0287;-79.2110
SRR5857701;43.0462;-79.1230
SRR5857702;43.1874;-79.9597
SRR5857703;43.0689;-79.7805
SRR5857704;43.0125;-79.2370
SRR5857705;43.0746;-79.8080
SRR5857706;43.2052;-79.2648
SRR5857707;43.2043;-79.2669
SRR5857708;42.8721;-79.2181
SRR5857709;43.2047;-79.2660
SRR5857710;43.2162;-79.2121
SRR5857711;43.1142;-79.1396
SRR5857712;42.8698;-79.3981
SRR5857713;42.8723;-79.4188
SRR5857714;43.0745;-79.5250
SRR5857715;43.0274;-79.6322
SRR5857716;42.8754;-79.4299
SRR5857717;42.8648;-79.3872
SRR5857718;43.1268;-79.3959
SRR5857719;43.2532;-79.1259
SRR5857720;43.0393;-79.0821
SRR5857721;43.0414;-79.1230
SRR5857722;43.0731;-79.3093
SRR5857723;43.0638;-79.2749
SRR5857724;43.0622;-79.2936
SRR5857725;43.0873;-79.2916
SRR5857726;43.0838;-79.4748
SRR5857727;43.1333;-79.3835
SRR5857728;43.1519;-79.3745
SRR5857729;43.0575;-79.2858
SRR5857730;43.0875;-79.2920
SRR5857731;43.1150;-79.2748
SRR5857732;43.2537;-79.0955
SRR5857733;43.2162;-79.2121
SRR5857734;43.1142;-79.1396
SRR5857735;43.1537;-79.3346
SRR5857736;43.1120;-79.1756
SRR5857737;43.0075;-79.1120
SRR5857738;43.0274;-79.6322
SRR5857739;43.0745;-79.5250
SRR5857740;42.9806;-79.5623
SRR5857741;42.9910;-79.6773
SRR5857742;42.9477;-79.3783
SRR5857743;42.9460;-79.0683
SRR5857744;43.1638;-79.3962
SRR5857745;42.8754;-79.4299
SRR5857746;42.8733;-79.2045
SRR5857747;42.8643;-79.3869
SRR5857748;43.1033;-79.2112
SRR5857749;42.8763;-79.0199
SRR5857750;43.2573;-79.0866
SRR5857751;43.1120;-79.1756
SRR5857752;43.0500;-79.1326
SRR5857753;43.1156;-79.5665
SRR5857754;42.9551;-79.0159
SRR5857755;43.2211;-79.2258
SRR5857756;43.1897;-79.4969
SRR5857757;42.9974;-79.0409
SRR5857758;43.1150;-79.2748
SRR5857759;43.0875;-79.2920
SRR5857760;43.1250;-79.0813
SRR5857761;43.0873;-79.2916
SRR5857762;43.1250;-79.0813
SRR5857763;43.2162;-79.2321
SRR5857764;42.8754;-79.4299
SRR5857765;42.8744;-79.4289
SRR5857766;43.0622;-79.2936
SRR5857767;42.8638;-79.3862
SRR5857768;43.1156;-79.5665
SRR5857769;42.9551;-79.0159
SRR5857770;43.2211;-79.2258
SRR5857771;43.1897;-79.4969
SRR5857772;43.2336;-79.1633
SRR5857773;43.2251;-79.1827
SRR5857774;43.1983;-79.2647
SRR5857775;43.0500;-79.1326
SRR5857776;42.9974;-79.0409
SRR5857777;42.9477;-79.3783
SRR5857778;43.1997;-79.5572
SRR5857779;42.9180;-78.9714
SRR5857780;43.0482;-79.7423
SRR5857781;43.1635;-79.3156
SRR5857782;42.9885;-79.2663
SRR5857783;43.1717;-79.3363
SRR5857784;43.1983;-79.2647
SRR5857785;42.9803;-79.2853
SRR5857786;43.2336;-79.1633
SRR5857787;43.2251;-79.1827
SRR5857788;43.1628;-79.8865
SRR5857789;42.8723;-79.4188
SRR5857790;42.8698;-79.3981
SRR5857791;43.0745;-79.5250
SRR5857792;43.2336;-79.1633
SRR5857793;43.2573;-79.0866
SRR5857794;43.0056;-79.4823
SRR5857795;42.9803;-79.2853
SRR5857796;42.9885;-79.2663
SRR5857797;43.1717;-79.3363
SRR5857798;43.0482;-79.7423
SRR5857799;43.1635;-79.3156
SRR5857800;43.1997;-79.5572
SRR5857801;42.9180;-78.9714
SRR5857802;42.9309;-78.9375
SRR5857803;43.2532;-79.1259
SRR5857804;43.1601;-79.9312
SRR5857805;43.1113;-79.8815
SRR5857806;43.0746;-79.8080
SRR5857807;42.8748;-79.4526
SRR5857808;43.0056;-79.4823
SRR5857809;43.0646;-79.7947
SRR5857810;42.8760;-79.2804
SRR5857811;42.8680;-79.3659
SRR5857812;42.9885;-79.2663
SRR5857813;42.9803;-79.2853
SRR5857814;43.0462;-79.1230
SRR5857815;43.1874;-79.9597
SRR5857816;43.0689;-79.7805
SRR5857817;43.0125;-79.2370
SRR5857818;43.0998;-79.8132
SRR5857819;43.1613;-79.9368
SRR5857820;43.1120;-79.4216
SRR5857821;43.1537;-79.3346
SRR5857822;43.1142;-79.1396
SRR5857823;42.9910;-79.6773
SRR5857824;43.1913;-79.8989
SRR5857825;43.2537;-79.0955
SRR5857826;43.2043;-79.2669
SRR5857827;43.0075;-79.1120
SRR5857828;42.9806;-79.5623
SRR5857829;43.1342;-79.7453
SRR5857830;43.1628;-79.8865
SRR5857831;43.0393;-79.0821
SRR5857832;43.0414;-79.1230
SRR5857833;43.1997;-79.5572
SRR5857834;43.1635;-79.3156
SRR5857835;43.0482;-79.7423
SRR5857836;43.1717;-79.3363
SRR5857837;43.1268;-79.3959
SRR5857838;43.2532;-79.1259
SRR5857839;42.9309;-78.9375
SRR5857840;42.9180;-78.9714
SRR5857841;42.9180;-78.9714
SRR5857842;42.9309;-78.9375
SRR5857843;43.2047;-79.2660
SRR5857844;43.2052;-79.2648
SRR5857845;43.2143;-79.2769
SRR5857846;42.8698;-79.3981
SRR5857847;42.8722;-79.4272
SRR5857848;42.8744;-79.4289
SRR5857849;43.0838;-79.4748
SRR5857850;43.1342;-79.7453
SRR5857851;43.1628;-79.8865
SRR5857852;43.1913;-79.8989
SRR5857853;43.2537;-79.0955
SRR5857854;43.0075;-79.1120
SRR5857855;43.1213;-79.8815
SRR5857856;43.1601;-79.9312
SRR5857857;43.1613;-79.9368
SRR5857858;43.1707;-79.9474
SRR5857859;42.8722;-79.4272
SRR5857860;42.8744;-79.4289
SRR5857861;42.8754;-79.4299
SRR5857862;42.8638;-79.3862
SRR5857863;43.2052;-79.2648
SRR5857864;43.2043;-79.2669
SRR5857865;42.8698;-79.3981
SRR5857866;42.8723;-79.4188
SRR5857867;43.2047;-79.2660
SRR5857868;43.2043;-79.2669
SRR5857869;43.0287;-79.2110
SRR5857870;42.9947;-79.2501
SRR5857871;42.9848;-79.2728
SRR5857872;42.9720;-79.3177
SRR5857873;42.9968;-79.5662
SRR5857874;43.0213;-79.6177
SRR5857875;43.0998;-79.8132
SRR5857876;43.1133;-79.8815
SRR5857877;43.1874;-79.9597
SRR5857878;43.0462;-79.1230
SRR5468149;-77.605;163.1630
SRR5457263;41.2451;-76.9856
SRR5457262;41.2451;-76.9856
SRR5433230;46.238518;6.293545
SRR5432931;46.238518;6.293545
SRR5432762;46.238518;6.293545
SRR5429806;39.02;-76.16
SRR5429805;39.02;-76.16
SRR5429799;38.08;-75.92
SRR5429798;39.02;-76.16
SRR5429797;39.02;-76.16
SRR5429792;38.08;-75.92
SRR5429791;38.08;-75.92
SRR5429790;38.08;-75.92
SRR5429784;38.08;-75.92
SRR5429783;38.08;-75.92
SRR5429782;38.08;-75.92
SRR5338504;39.14;-0.65
SRR5278612;39.7255;20.615
SRR5278611;39.7190;20.604
SRR5278610;39.7127;20.814
SRR5278609;39.7255;20.615
SRR5278608;39.7190;20.604
SRR5278607;39.7127;20.814
SRR5273183;44.376;-110.69
SRR5273182;44.376;-110.69
SRR5260500;43.1998;-86.5698
SRR5260499;43.1998;-86.5698
SRR5260498;43.1998;-86.5698
SRR5260496;43.1998;-86.5698
SRR5260495;43.1998;-86.5698
SRR5260494;43.1998;-86.5698
SRR5260448;43.1998;-86.5698
SRR5260447;43.1998;-86.5698
SRR5260446;43.1998;-86.5698
SRR5227751;41.709;-83.250
SRR5225748;41.709;-83.250
SRR5214709;-1.7800;29.2000
SRR5214704;-2.0288;29.1756
SRR5214703;-2.0288;29.1756
SRR5211163;45.4091;-72.0994
SRR5211153;46.8319;-72.5
SRR2179960;44.99;-73.11
SRR2179959;44.99;-73.11
SRR2179958;44.99;-73.11
SRR2179957;44.99;-73.11
SRR2179956;44.99;-73.11
SRR2179955;44.99;-73.11
SRR2179953;44.99;-73.11
SRR2179954;44.99;-73.11
SRR4754863;47.070833;8.316333
SRR4754862;47.070833;8.316333
SRR4754861;47.0925;8.48910
SRR4754860;47.070833;8.316333
SRR4754859;47.0925;8.4891
SRR4754858;47.0925;8.4891
SRR4447895;36.01102240752391;-83.9738692715764
SRR4447894;36.01053233645578;-83.9733961969614
SRR4198832;39.14;-0.6499
SRR4198666;39.14;-0.6499
SRR4071975;15.67;120.24
SRR4071973;15.67;120.24
SRR4029424;46.041;-89.686
SRR4029423;46.041;-89.686
SRR4029421;46.041;-89.686
SRR4029420;46.041;-89.686
SRR4029419;46.041;-89.686
SRR4029415;46.041;-89.686
SRR4029414;46.041;-89.686
SRR4029412;46.041;-89.686
SRR4029410;46.041;-89.686
SRR4029408;46.041;-89.686
SRR4029407;46.041;-89.686
SRR4029405;46.041;-89.686
SRR4029403;46.041;-89.686
SRR4029402;46.041;-89.686
SRR4029401;46.041;-89.686
SRR4029400;46.041;-89.686
SRR4029398;46.041;-89.686
SRR4029396;46.041;-89.686
SRR4029395;46.041;-89.686
SRR4029393;46.041;-89.686
SRR4029392;46.041;-89.686
SRR4029390;46.041;-89.686
SRR4029389;46.041;-89.686
SRR4029387;46.041;-89.686
SRR4029386;46.041;-89.686
SRR4029385;46.041;-89.686
SRR4029380;46.041;-89.686
SRR4029377;46.041;-89.686
SRR4029376;46.041;-89.686
SRR4029375;46.041;-89.686
SRR4029374;46.041;-89.686
SRR4029373;46.041;-89.686
SRR4029372;46.041;-89.686
SRR4029370;46.041;-89.686
SRR4029369;46.041;-89.686
SRR4029365;46.041;-89.686
SRR4029364;46.041;-89.686
SRR4029361;46.041;-89.686
SRR4029360;46.041;-89.686
SRR4029359;46.041;-89.686
SRR4029124;46.041;-89.686
SRR4029123;46.041;-89.686
SRR4029121;46.041;-89.686
SRR4029120;46.041;-89.686
SRR4029119;46.041;-89.686
SRR4029118;46.041;-89.686
SRR4029116;46.041;-89.686
SRR4029115;46.041;-89.686
SRR4029114;46.041;-89.686
SRR4029113;46.041;-89.686
SRR4029112;46.041;-89.686
SRR4029110;46.041;-89.686
SRR4029087;46.041;-89.686
SRR4029086;46.041;-89.686
SRR4029085;46.041;-89.686
SRR4029084;46.041;-89.686
SRR4029083;46.041;-89.686
SRR4029082;46.041;-89.686
SRR4029081;46.041;-89.686
SRR4029080;46.041;-89.686
SRR4029076;46.041;-89.686
SRR4029074;46.041;-89.686
SRR4029064;46.041;-89.686
SRR4029063;46.041;-89.686
SRR4029061;46.041;-89.686
SRR4023065;-78.445169;106.870651
SRR4023064;-78.445169;106.870651
SRR4018513;42.8638;-79.3862
SRR4018512;42.8638;-79.3862
SRR4018511;43.2043;-79.2669
SRR4018510;43.2043;-79.2669
SRR4018509;42.8723;-79.4187
SRR4018508;42.8698;-79.3982
SRR4018507;42.8746;-79.2323
SRR4018506;42.8746;-79.2323
SRR4018505;42.8723;-79.4187
SRR4018504;43.2052;-79.2648
SRR4018503;43.2052;-79.2648
SRR4018502;43.2047;-79.266
SRR4018501;43.2047;-79.266
SRR4018500;43.2043;-79.2669
SRR4018499;43.2043;-79.2669
SRR4018498;42.8722;-79.4272
SRR4018497;42.8722;-79.4272
SRR4018496;42.8723;-79.4188
SRR4018495;42.8723;-79.4187
SRR4018494;42.8698;-79.3982
SRR4018493;42.8698;-79.3981
SRR4018492;42.8698;-79.3982
SRR4018491;42.8638;-79.3862
SRR4018490;42.8638;-79.3862
SRR4018489;43.2247;-79.6183
SRR4018488;43.2247;-79.6183
SRR4018487;42.8698;-79.3982
SRR4018486;42.8698;-79.3982
SRR4018485;42.8723;-79.4187
SRR4018484;42.8723;-79.4187
SRR4018483;43.2047;-79.266
SRR4018482;43.2047;-79.266
SRR3932153;-6.841715565434579;37.77246057987213
SRR1173821;38.5355;-0.2663
SRR3657441;61.208142;25.113609
SRR3657440;61.208142;25.113609
SRR3657439;61.208142;25.113609
SRR3657438;61.208142;25.113609
SRR3657437;61.208142;25.113609
SRR3657436;61.208142;25.113609
SRR3657435;61.208142;25.113609
SRR3657434;61.208142;25.113609
SRR3657433;61.208142;25.113609
SRR3657432;61.208142;25.113609
SRR3657431;61.208142;25.113609
SRR3657430;61.208142;25.113609
SRR3657429;61.208142;25.113609
SRR3571355;34.15;-83.57
SRR3571354;34.15;-83.57
SRR3571293;34.15;-83.57
SRR3571025;34.15;-83.57
SRR3570947;34.15;-83.57
SRR3569810;34.15;-83.57
SRR3569624;34.15;-83.57
SRR3569558;34.15;-83.57
SRR3569349;34.15;-83.57
SRR3569300;34.15;-83.57
SRR3568955;34.15;-83.57
SRR3568916;34.15;-83.57
SRR3476747;23.04;113.41
SRR3184724;43.92;-122.81
SRR3184721;43.92;-122.81
SRR3184722;43.92;-122.81
SRR3184720;43.92;-122.81
SRR3184719;43.92;-122.81
SRR3184718;43.92;-122.81
SRR3184717;43.92;-122.81
SRR3184716;43.92;-122.81
SRR3184715;43.92;-122.81
SRR3184714;43.92;-122.81
SRR3184713;43.92;-122.81
SRR3184712;43.92;-122.81
SRR3184711;43.92;-122.81
SRR3184710;43.92;-122.81
SRR3184709;43.92;-122.81
SRR3184708;43.92;-122.81
SRR3184707;43.92;-122.81
SRR3184745;42.23;-121.52
SRR3184744;41.93;-122.44
SRR3184743;41.93;-122.44
SRR3184741;41.93;-122.44
SRR3184740;41.93;-122.44
SRR3184739;41.93;-122.44
SRR3184738;41.93;-122.44
SRR3184737;41.97;-122.30
SRR3184736;41.97;-122.30
SRR3184732;29.96;-95.15
SRR3184731;29.96;-95.15
SRR3184730;29.96;-95.15
SRR3184706;29.96;-95.15
SRR3184705;29.96;-95.15
SRR3184704;29.96;-95.15
SRR3098779;39.7190;20.604
SRR3098776;39.5774;20.2547
SRR3098775;39.5886;20.1382
SRR3098772;39.7190;20.604
SRR3098769;39.5774;20.2547
SRR3098767;39.5886;20.1382
SRR3098764;39.7190;20.604
SRR3098759;39.5774;20.2547
SRR3098756;39.5886;20.1382
SRR2939624;48.0177052;-122.8023445
SRR1586416;40.647955;-0.738702
SRR2380339;41.9668;-87.6370
SRR1582366;32.03;118.43
ERR5863208;47.3;8.566667
ERR5863206;47.3;8.566667
ERR5863205;47.3;8.566667
ERR5863204;47.3;8.566667
ERR5863203;48.6;14.666667
ERR5863202;46.683333;7.716667
ERR3856786;47.1008;8.4924
ERR2163668;59.911491;10.757933
ERR2105755;59.911491;10.757933
ERR2105754;59.911491;10.757933
ERR2105753;59.911491;10.757933
ERR2105750;59.911491;10.757933
ERR2105748;59.911491;10.757933
ERR732064;53.382437;-1.489151
ERR732063;53.382437;-1.489151
ERR864072;46.184;-123.182
ERR864071;46.184;-123.182
ERR700196;55.07;110.53
ERR700195;57.02;-111.55
ERR700194;51.07;-114.1
ERR700192;57.02;-111.55
ERR700200;56.97;-111.39
ERR700199;57.02;111.65
ERR700198;55.07;110.53
ERR700176;57.02;-111.55
ERR700175;57.02;-111.55
ERR700170;57.02;-111.55
ERR700167;57.02;-111.55
ERR700164;57.02;-111.55
ERR700163;57.02;-111.55
ERR700162;57.02;-111.55
ERR700161;57.02;-111.55
ERR700160;57.02;-111.55
ERR700157;57.02;-111.55
ERR700156;57.02;-111.55
ERR700155;57.02;-111.55
ERR700154;57.02;-111.55
ERR700152;51.07;-114.1
ERR700150;51.07;-114.1
ERR700147;57.02;-111.55
ERR700146;57.02;-111.55
ERR700145;57.02;-111.55
ERR700144;57.02;-111.55