ID,coordinates
SRR2083509,43.20 N 79.27 W
SRR2083504,43.20 N 79.27 W
SRR2083231,43.20 N 79.27 W
SRR2083230,43.21 N 79.26 W
SRR2083227,43.20 N 79.27 W
SRR2083225,43.26 N 79.07 W
SRR2083224,43.22 N 79.62 W
SRR2083223,42.86 N 79.39 W
SRR2083222,42.87 N 79.40 W
SRR2083221,42.87 N 79.42 W
SRR2083220,42.87 N 79.40 W
SRR2083219,42.87 N 79.23 W
SRR2083218,42.87 N 79.43 W
SRR2083217,43.20 N 79.27 W
SRR2083216,43.26 N 79.07 W
SRR2083215,43.22 N 79.62 W
SRR2083214,42.87 N 79.40 W
SRR2083213,42.87 N 79.23 W
SRR2016484,44.90415 N 93.190417 W
SRR2016482,44.90415 N 93.190417 W
SRR1994395,31.27 N 120.26 E
SRR1972501,31.27 N 120.26 E
SRR1917538,40.968 N 124.226 W
SRR1582517,40.013 N 116.385 E
SRR1582516,40.013 N 116.385 E
SRR1582515,40.013 N 116.385 E
SRR1582514,40.013 N 116.385 E
SRR1582512,40.014 N 116.380 E
SRR1582511,40.017 N 116.379 E
SRR1582510,40.017 N 116.379 E
SRR1582509,40.015 N 116.390 E
SRR1582508,40.013 N 116.388 E
SRR1582507,40.013 N 116.385 E
SRR1582506,40.012 N 116.383 E
SRR1582501,40.012 N 116.381 E
SRR1582500,40.012 N 116.381 E
SRR1581195,40.013 N 116.385 E
SRR1581191,40.013 N 116.385 E
SRR1581188,40.013 N 116.385 E
SRR1523359,33.049631 N 117.291353 W
SRR1523356,33.049631 N 117.291353 W
SRR1523360,33.049631 N 117.291353 W
SRR1173877,38.5355 N 0.2663 W
SRR1169884,44.3144 N 91.996 W
SRR1169883,43.8567 N 91.3033 W
SRR1169882,44.5669 N 92.5377 W
SRR1169878,44.7488 N 92.8057 W
SRR1169874,44.7458 N 92.8502 W
SRR1169873,44.9179 N 93.129 W
SRR1169871,44.8856 N 93.1741 W
SRR1169870,44.9042 N 93.1904 W
SRR1169861,45.4195 N 94.0422 W
SRR1169860,45.5476 N 94.1455 W
SRR1169859,47.3473 N 95.1825 W
SRR1044925,44.917867 N 93.128967 W
SRR1044924,44.917867 N 93.128967 W
SRR1044687,44.917867 N 93.128967 W
SRR1044686,44.917867 N 93.128967 W
SRR1044685,44.917867 N 93.128967 W
SRR1044684,44.917867 N 93.128967 W
SRR1044683,44.917867 N 93.128967 W
SRR1044682,44.917867 N 93.128967 W
SRR1044681,44.917867 N 93.128967 W
SRR1044679,44.917867 N 93.128967 W
SRR1044678,44.917867 N 93.128967 W
SRR1044677,44.917867 N 93.128967 W
SRR1039498,44.917867 N 93.128967 W
SRR1039496,44.917867 N 93.128967 W
SRR1039494,44.917867 N 93.128967 W
SRR1039491,44.917867 N 93.128967 W
SRR1039490,44.917867 N 93.128967 W
SRR1039488,44.917867 N 93.128967 W
SRR1039486,44.917867 N 93.128967 W
SRR1039484,44.917867 N 93.128967 W
SRR1039483,44.917867 N 93.128967 W
SRR1039482,44.917867 N 93.128967 W
SRR1039480,44.917867 N 93.128967 W
SRR1039479,44.917867 N 93.128967 W
SRR1039478,44.917867 N 93.128967 W
SRR947737,34.261117 N 83.950069 W
SRR14576896,30.46 N 120.12 E
SRR14576897,30.46 N 120.13 E
SRR14576898,30.46 N 120.13 E
SRR14576899,30.46 N 120.12 E
SRR14576900,30.46 N 120.12 E
SRR14576901,30.46 N 120.12 E
SRR14576902,30.46 N 120.13 E
SRR14576903,30.46 N 120.13 E
SRR14576904,30.46 N 120.12 E
SRR14576905,30.46 N 120.12 E
SRR14576906,30.46 N 120.12 E
SRR14576907,30.46 N 120.12 E
SRR14576908,30.46 N 120.12 E
SRR14576909,30.46 N 120.12 E
SRR14576910,30.46 N 120.12 E
SRR14576911,30.46 N 120.12 E
SRR14576912,30.46 N 120.13 E
SRR14576913,30.46 N 120.13 E
SRR14576914,30.46 N 120.12 E
SRR14576915,30.46 N 120.12 E
SRR14576916,30.46 N 120.12 E
SRR14576917,30.46 N 120.12 E
SRR14576918,30.46 N 120.13 E
SRR14576919,30.46 N 120.13 E
SRR14576920,30.46 N 120.13 E
SRR14576921,30.46 N 120.12 E
SRR14576922,30.46 N 120.12 E
SRR14576923,30.46 N 120.12 E
SRR14576924,30.46 N 120.12 E
SRR14576925,30.46 N 120.13 E
SRR14576926,30.46 N 120.13 E
SRR14576927,30.46 N 120.12 E
SRR14576928,30.46 N 120.12 E
SRR14576929,30.46 N 120.12 E
SRR14576930,30.46 N 120.13 E
SRR14576931,30.46 N 120.12 E
SRR14371733,41.91 N 83.21 W
SRR14371734,41.76 N 83.32 W
SRR14333789,41.7025 N 83.2547 W
SRR14333790,41.7025 N 83.2547 W
SRR14333791,41.7343 N 83.3023 W
SRR14333792,41.7343 N 83.3023 W
SRR14333793,41.7404662744343 N 83.2993922637013 W
SRR14332019,41.7752798990724 N 83.3431548762416 W
SRR14332020,41.7636 N 83.3306 W
SRR14332021,41.7636 N 83.3306 W
SRR14332022,41.83262 N 83.35813 W
SRR14332023,41.83262 N 83.35813 W
SRR14332024,41.833835 N 83.27891 W
SRR14332025,41.833835 N 83.27891 W
SRR14332026,41.793906 N 83.133142 W
SRR14332027,41.743940917389 N 83.1359709171918 W
SRR14332028,41.793906 N 83.133142 W
SRR14332029,41.7347 N 83.3059 W
SRR14332030,41.7347 N 83.3059 W
SRR14332031,41.7344 N 83.3005 W
SRR14332032,41.7344 N 83.3005 W
SRR14332033,41.7311 N 83.2988 W
SRR14332034,41.7311 N 83.2988 W
SRR14332035,41.8242 N 83.3094 W
SRR14332036,41.8242 N 83.3094 W
SRR14332037,41.8337 N 83.1839 W
SRR14332038,41.7404662744343 N 83.2993922637013 W
SRR14332039,41.8337 N 83.1839 W
SRR14332040,41.7346 N 83.2967 W
SRR14332041,41.7346 N 83.2967 W
SRR14332042,41.7345 N 83.3009 W
SRR14332043,41.7345 N 83.3009 W
SRR14332044,41.739167 N 83.302683 W
SRR14332045,41.739167 N 83.302683 W
SRR14332046,41.740767 N 83.30555 W
SRR14332047,41.740767 N 83.30555 W
SRR14332049,41.7360136917041 N 83.3035882160197 W
SRR14332050,41.7360136917041 N 83.3035882160197 W
SRR14332051,41.7024861421279 N 83.2553651217802 W
SRR14332052,41.7024861421279 N 83.2553651217802 W
SRR14332053,41.7376466850762 N 83.3029670351321 W
SRR14332054,41.7376466850762 N 83.3029670351321 W
SRR14332055,41.7752798990724 N 83.3431548762416 W
SRR14309022,41.740570017061 N 83.3054293134153 W
SRR14308729,41.8343088900365 N 83.2782487430434 W
SRR14308730,41.8500471819944 N 83.1943278216303 W
SRR14308731,41.7307472759595 N 83.2973403578518 W
SRR14308732,41.740570017061 N 83.3054293134153 W
SRR14308733,41.8500471819944 N 83.1943278216303 W
SRR14308734,41.7931672603972 N 83.1326903256534 W
SRR14308735,41.7931672603972 N 83.1326903256534 W
SRR14308736,41.7354287366086 N 83.305168566954 W
SRR14308737,41.7354287366086 N 83.305168566954 W
SRR14308738,41.7353919305416 N 83.2984918812941 W
SRR14308740,41.743940917389 N 83.1359709171918 W
SRR14308741,41.7038618714297 N 83.2556191934697 W
SRR14308742,41.7038618714297 N 83.2556191934697 W
SRR14308743,41.7368703958466 N 83.3007964904881 W
SRR14308744,41.7368703958466 N 83.3007964904881 W
SRR14308745,41.7356662663123 N 83.2998509698307 W
SRR14308746,41.7356662663123 N 83.2998509698307 W
SRR14308747,41.7427394681466 N 83.1368766153367 W
SRR14308748,41.7427394681466 N 83.1368766153367 W
SRR14308749,41.734946321248 N 83.3002480999798 W
SRR14308750,41.7307472759595 N 83.2973403578518 W
SRR14308751,41.734946321248 N 83.3002480999798 W
SRR14308752,41.7345139358975 N 83.3008948955596 W
SRR14308753,41.7345139358975 N 83.3008948955596 W
SRR14308754,41.7734850688172 N 83.3441027104068 W
SRR14308755,41.7734850688172 N 83.3441027104068 W
SRR14308756,41.8338712604238 N 83.3577684318652 W
SRR14308757,41.8338712604238 N 83.3577684318652 W
SRR14308758,41.8343088900365 N 83.2782487430434 W
SRR14307622,27.96 N 120.71 E
SRR14307623,27.95 N 120.70 E
SRR14307624,28.02 N 120.65 E
SRR14307625,28.01 N 120.65 E
SRR14307626,27.96 N 120.71 E
SRR14307627,27.95 N 120.70 E
SRR14307628,28.02 N 120.65 E
SRR14307629,28.01 N 120.65 E
SRR14288954,41.7987035209042 N 83.3439342131621 W
SRR14288955,41.7987035209042 N 83.3439342131621 W
SRR14288956,41.8037327182961 N 83.3610608248073 W
SRR14288957,41.8037327182961 N 83.3610608248073 W
SRR14288958,41.8238070415945 N 83.3084699099299 W
SRR14288959,41.8238070415945 N 83.3084699099299 W
SRR14288960,41.8338006012053 N 83.1803171866043 W
SRR14288961,41.8338006012053 N 83.1803171866043 W
SRR14288962,41.7353919305416 N 83.2984918812941 W
SRR14288963,41.7307472759595 N 83.2973403578518 W
SRR14288964,41.7307472759595 N 83.2973403578518 W
SRR14288965,41.7344275476807 N 83.2963171872718 W
SRR14288966,41.7344275476807 N 83.2963171872718 W
SRR14240538,45.1366 N 82.9833 W
SRR14240539,43.600 N 86.916667 W
SRR14240540,43.5966 N 78.801 W
SRR14240541,47.60 N 86.81778 W
SRR14240542,42.51666 N 79.8933 W
SRR14240543,42.1166 N 81.2500 W
SRR13490363,42.711528 N 86.705694 W
SRR13490370,42.711528 N 86.705694 W
SRR13490378,42.690806 N 86.253556 W
SRR13434395,38.923239 N 106.950876 W
SRR13434396,38.923239 N 106.950876 W
SRR13434397,38.923239 N 106.950876 W
SRR13434398,38.923239 N 106.950876 W
SRR13394436,34.99562 N 98.68895 W
SRR13225447,39.52018 N 116.2053 E
SRR13225448,39.52072 N 116.2114 E
SRR13225449,39.52015 N 116.2125 E
SRR13225450,39.52089 N 116.2238 E
SRR13225451,39.52023 N 116.2278 E
SRR13225452,39.52048 N 116.2017 E
SRR13225453,39.52048 N 116.2017 E
SRR13225454,39.52098 N 116.2023 E
SRR13225455,39.52018 N 116.2053 E
SRR13225456,39.52072 N 116.2114 E
SRR13225457,39.52015 N 116.2125 E
SRR13225458,39.52089 N 116.2238 E
SRR13225459,39.52023 N 116.2278 E
SRR13225460,39.52048 N 116.2017 E
SRR13225461,39.52098 N 116.2023 E
SRR13225462,39.52098 N 116.2023 E
SRR13225463,39.52018 N 116.2053 E
SRR13225464,39.52072 N 116.2114 E
SRR13225465,39.52015 N 116.2125 E
SRR13225466,39.52089 N 116.2238 E
SRR13225467,39.52023 N 116.2278 E
SRR13225468,39.52048 N 116.2017 E
SRR13225469,39.52098 N 116.2023 E
SRR13225470,39.52018 N 116.2053 E
SRR13225471,39.52072 N 116.2114 E
SRR13225472,39.52015 N 116.2125 E
SRR13225473,39.52072 N 116.2114 E
SRR13225474,39.52089 N 116.2238 E
SRR13225475,39.52023 N 116.2278 E
SRR13225476,39.52048 N 116.2017 E
SRR13225477,39.52098 N 116.2023 E
SRR13225478,39.52018 N 116.2053 E
SRR13225479,39.52072 N 116.2114 E
SRR13225480,39.52089 N 116.2238 E
SRR13225481,39.52023 N 116.2278 E
SRR13225482,39.52048 N 116.2017 E
SRR13225483,39.52098 N 116.2023 E
SRR13225484,39.52089 N 116.2238 E
SRR13225485,39.52023 N 116.2278 E
SRR13224034,41.70 N 83.07 W
SRR13224037,41.70 N 83.07 W
SRR13224039,41.90 N 83.22 W
SRR13224040,41.90 N 83.22 W
SRR13224041,41.91 N 83.21 W
SRR13224042,41.91 N 83.20 W
SRR13224043,41.91 N 83.20 W
SRR13224044,41.91 N 83.20 W
SRR13224045,41.91 N 83.20 W
SRR13224046,41.82 N 83.21 W
SRR13224047,41.82 N 83.21 W
SRR13224048,41.70 N 83.07 W
SRR13224049,41.79 N 83.23 W
SRR13224050,41.79 N 83.23 W
SRR13224051,41.71 N 83.27 W
SRR13224052,41.76 N 83.32 W
SRR13224053,41.76 N 83.32 W
SRR13224054,41.76 N 83.32 W
SRR13224055,41.76 N 83.30 W
SRR13224056,41.76 N 83.30 W
SRR13224057,41.80 N 83.37 W
SRR13224058,41.80 N 83.37 W
SRR13224059,41.70 N 83.07 W
SRR13224060,41.80 N 83.36 W
SRR13224061,41.80 N 83.36 W
SRR13224062,41.83 N 83.35 W
SRR13224063,41.83 N 83.35 W
SRR13224064,41.83 N 83.35 W
SRR13224065,41.83 N 83.35 W
SRR13224066,41.84 N 83.19 W
SRR13224067,41.84 N 83.19 W
SRR13224068,41.84 N 83.17 W
SRR13224069,41.84 N 83.17 W
SRR13224070,41.66 N 83.10 W
SRR13224071,41.81 N 83.26 W
SRR13224072,41.81 N 83.26 W
SRR13224073,41.81 N 83.26 W
SRR13224074,41.81 N 83.26 W
SRR13224075,41.77 N 83.34 W
SRR13224076,41.77 N 83.34 W
SRR13224077,41.77 N 83.33 W
SRR13224078,41.77 N 83.33 W
SRR13224079,41.83 N 83.35 W
SRR13224080,41.83 N 83.35 W
SRR13224081,41.66 N 83.10 W
SRR13224082,41.83 N 83.33 W
SRR13224083,41.83 N 83.33 W
SRR13224084,41.84 N 83.24 W
SRR13224085,41.84 N 83.24 W
SRR13224086,41.84 N 83.24 W
SRR13224087,41.84 N 83.24 W
SRR13224088,41.84 N 83.24 W
SRR13224089,41.84 N 83.24 W
SRR13224090,41.85 N 83.19 W
SRR13224091,41.85 N 83.19 W
SRR13224092,41.66 N 83.10 W
SRR13224093,41.84 N 83.26 W
SRR13224094,41.84 N 83.26 W
SRR13224095,41.84 N 83.26 W
SRR13224096,41.84 N 83.26 W
SRR13224097,41.84 N 83.26 W
SRR13224098,41.84 N 83.26 W
SRR13224099,41.78 N 83.16 W
SRR13224100,41.78 N 83.16 W
SRR13224101,41.78 N 83.16 W
SRR13224102,41.78 N 83.16 W
SRR13224103,41.66 N 83.10 W
SRR13224104,41.78 N 83.15 W
SRR13224105,41.78 N 83.15 W
SRR13224106,41.75 N 83.13 W
SRR13224107,41.75 N 83.13 W
SRR13224108,41.75 N 83.13 W
SRR13224109,41.75 N 83.13 W
SRR13224110,41.75 N 83.12 W
SRR13224111,41.75 N 83.12 W
SRR13224112,41.70 N 83.07 W
SRR13224113,41.70 N 83.07 W
SRR13163197,40.747596 N 73.805517 W
SRR13163198,40.747596 N 73.805517 W
ERR3856789,47.0925 N 8.4891 E
ERR3856788,47.0925 N 8.4891 E
ERR3856787,47.0925 N 8.4891 E
SRR13020435,37.2656 N 118.2713 W
SRR13020431,37.2656 N 118.2713 W
SRR12874343,43.17 N 79.53 W
SRR12874344,43.17 N 79.51 W
SRR12874345,43.17 N 79.51 W
SRR12874346,43.17 N 79.53 W
SRR12874347,43.17 N 79.51 W
SRR12874348,43.17 N 79.51 W
SRR12687952,36.4428 N 116.8278 W
SRR12687782,36.4428 N 116.8278 W
SRR12687664,36.4265 N 116.3098 W
SRR12687606,36.4265 N 116.3098 W
SRR12687343,36.4202 N 116.323 W
SRR12687342,37.0233 N 117.3845 W
SRR12687326,36.4202 N 116.323 W
SRR12687280,36.4015 N 116.2738 W
SRR12687059,36.4015 N 116.2738 W
SRR12686701,37.0233 N 117.3845 W
SRR12685683,46.87681 N 91.22521 W
SRR12685684,46.87153 N 91.10558 W
SRR12685685,46.89501 N 91.09353 W
SRR12685686,46.94913 N 91.10256 W
SRR12685687,46.9443 N 90.99678 W
SRR12676966,49.66 N 93.72 W
SRR12676967,49.66 N 93.75 W
SRR12676971,49.70 N 93.73 W
SRR12676968,49.74 N 93.83 W
SRR12676969,49.69 N 93.69 W
SRR12676970,49.69 N 93.69 W
SRR12676972,49.69 N 93.69 W
SRR12676973,49.69 N 93.69 W
SRR12676974,49.69 N 93.69 W
SRR12676975,49.69 N 93.69 W
SRR12486991,37.304056 N 127.618611 E
SRR12486992,37.304056 N 127.618611 E
SRR12486994,37.304056 N 127.618611 E
SRR12486995,35.364169 N 127.146461 E
SRR12486997,35.364169 N 127.146461 E
SRR12486998,35.610764 N 126.850397 E
SRR12487000,35.610764 N 126.850397 E
SRR12487001,35.927978 N 128.311344 E
SRR12487002,37.141433 N 127.627100 E
SRR12487004,35.927978 N 128.311344 E
SRR12487005,36.408139 N 128.261722 E
SRR12487007,36.408139 N 128.261722 E
SRR12487008,35.880608 N 127.032675 E
SRR12487010,35.880608 N 127.032675 E
SRR12487011,35.921444 N 127.065972 E
SRR12487012,35.921444 N 127.065972 E
SRR12487015,35.921444 N 127.065972 E
SRR12487016,35.921444 N 127.065972 E
SRR12487017,35.921444 N 127.065972 E
SRR12487019,35.921444 N 127.065972 E
SRR12487020,35.921444 N 127.065972 E
SRR12487021,35.921444 N 127.065972 E
SRR12487023,35.921444 N 127.065972 E
SRR12487024,37.141433 N 127.627100 E
SRR12487025,36.461306 N 127.095889 E
SRR12487027,36.461306 N 127.095889 E
SRR12487028,36.766103 N 127.443383 E
SRR12487030,36.766103 N 127.443383 E
SRR12487031,36.766103 N 127.443383 E
SRR12487033,36.766103 N 127.443383 E
SRR12487034,37.806611 N 126.787083 E
SRR12487035,36.969389 N 127.894244 E
SRR12487037,37.806611 N 126.787083 E
SRR12487038,37.449944 N 127.658194 E
SRR12487040,37.449944 N 127.658194 E
SRR12487041,37.304056 N 127.618611 E
SRR12487043,37.304056 N 127.618611 E
SRR12487044,37.304056 N 127.618611 E
SRR12487047,36.969389 N 127.894244 E
SRR12274735,26.612750 N 80.275278 E
SRR12274736,29.956250 N 78.170889 E
SRR12274737,30.126500 N 78.353750 E
SRR12274738,30.145417 N 78.597667 E
SRR12274739,30.145389 N 78.598917 E
SRR12274740,30.147000 N 78.597611 E
SRR12274741,11.362944 N 77.742028 E
SRR12274742,12.426333 N 76.574611 E
SRR12274743,22.247705 N 76.147048 E
SRR12274744,22.763104 N 77.717161 E
SRR12274745,23.122590 N 79.818541 E
SRR12274746,22.700833 N 81.705278 E
SRR12274747,22.674661 N 81.758025 E
SRR12274748,26.885083 N 80.900783 E
SRR12274749,27.188717 N 80.802150 E
SRR12274750,27.350233 N 80.460250 E
SRR12274751,26.420361 N 80.422722 E
SRR12274752,12.384389 N 75.533250 E
SRR12274753,12.385389 N 75.491000 E
SRR12261223,43.099 N 89.405 W
SRR12261224,43.099 N 89.405 W
SRR12261225,43.099 N 89.405 W
SRR12261226,43.099 N 89.405 W
SRR12261227,43.099 N 89.405 W
SRR12053438,51.97525 N 105.34712 E
SRR12053439,51.97525 N 105.34712 E
SRR12053440,51.780108 N 104.91655 E
SRR12053441,51.780108 N 104.91655 E
SRR12053442,51.780108 N 104.91655 E
SRR12053443,51.780108 N 104.91655 E
SRR12042536,49.69 N 93.69 W
SRR12042537,49.69 N 93.69 W
SRR11430612,47.744011 N 9.15217 E
SRR11430613,44.0228 N 1.459364 E
SRR11430614,42.775875 N 0.261183 W
SRR11430615,41.497325 N 0.512892 E
SRR11430616,37.048097 N 3.368361 W
SRR11430617,46.965417 N 10.9448 E
SRR10688474,49.13 N 16.63 E
SRR10599098,31 N 117 E
SRR10599099,31 N 117 E
SRR10599100,31 N 117 E
SRR10599101,31 N 117 E
SRR10599102,31 N 117 E
SRR10599103,31 N 117 E
SRR10599104,31 N 117 E
SRR10599105,31 N 117 E
SRR10599106,31 N 117 E
SRR10599107,31 N 117 E
SRR10599108,31 N 117 E
SRR10599109,31 N 117 E
SRR10599110,31 N 117 E
SRR10599111,31 N 117 E
SRR10599112,31 N 117 E
SRR10599113,31 N 117 E
SRR10492803,36.78 N 100.00 E
SRR10132616,40.02722 N 116.3567 E
SRR10132617,40.02694 N 116.3528 E
SRR10132618,40.02639 N 116.3489 E
SRR10132619,40.02778 N 116.3606 E
SRR10132620,40.02972 N 116.3722 E
SRR10132621,40.02917 N 116.3681 E
SRR10132623,40.02833 N 116.3642 E
SRR10132624,40.02722 N 116.3567 E
SRR10132625,40.02694 N 116.3528 E
SRR10132626,40.02639 N 116.3489 E
SRR10132627,40.02778 N 116.3606 E
SRR10132628,40.02972 N 116.3722 E
SRR10132629,40.02917 N 116.3681 E
SRR10132630,40.02833 N 116.3642 E
SRR10132631,40.02722 N 116.3567 E
SRR10132632,40.02694 N 116.3528 E
SRR10132635,40.02639 N 116.3489 E
SRR10132636,40.02778 N 116.3606 E
SRR10132637,40.02972 N 116.3722 E
SRR10132638,40.02917 N 116.3681 E
SRR10132639,40.02833 N 116.3642 E
SRR10132640,40.02722 N 116.3567 E
SRR10132641,40.02694 N 116.3528 E
SRR10132642,40.02639 N 116.3489 E
SRR10132643,40.02778 N 116.3606 E
SRR10132644,40.02972 N 116.3722 E
SRR10132646,40.02917 N 116.3681 E
SRR10132647,40.02833 N 116.3642 E
SRR10132648,40.02722 N 116.3567 E
SRR10132649,40.02694 N 116.3528 E
SRR10132650,40.02778 N 116.3606 E
SRR10132651,40.02917 N 116.3681 E
SRR10132652,40.02833 N 116.3642 E
SRR10132653,40.02722 N 116.3567 E
SRR10132654,40.02694 N 116.3528 E
SRR10132655,40.02917 N 116.3681 E
SRR10132657,40.02833 N 116.3642 E
SRR10132658,39.90611 N 116.5347 E
SRR10132659,39.90667 N 116.5303 E
SRR10132660,39.90722 N 116.5253 E
SRR10132661,39.90528 N 116.5400 E
SRR10132662,39.90639 N 116.5525 E
SRR10132663,39.90556 N 116.5478 E
SRR10132664,39.90583 N 116.5436 E
SRR10132665,39.90611 N 116.5347 E
SRR10132666,39.90667 N 116.5303 E
SRR10132668,39.90722 N 116.5253 E
SRR10132669,39.90528 N 116.5400 E
SRR10132670,39.90639 N 116.5525 E
SRR10132671,39.90556 N 116.5478 E
SRR10132672,39.90583 N 116.5436 E
SRR10132673,39.90611 N 116.5347 E
SRR10132674,39.90667 N 116.5303 E
SRR10132675,39.90722 N 116.5253 E
SRR10132676,39.90528 N 116.5400 E
SRR10132677,39.90639 N 116.5525 E
SRR10132679,39.90556 N 116.5478 E
SRR10132680,39.90583 N 116.5436 E
SRR10132681,39.90611 N 116.5347 E
SRR10132682,39.90667 N 116.5303 E
SRR10132683,39.90722 N 116.5253 E
SRR10132684,39.90528 N 116.5400 E
SRR10132685,39.90639 N 116.5525 E
SRR10132686,39.90556 N 116.5478 E
SRR10132687,39.90583 N 116.5436 E
SRR10132688,39.90611 N 116.5347 E
SRR10132690,39.90667 N 116.5303 E
SRR10132691,39.90722 N 116.5253 E
SRR10132692,39.90528 N 116.5400 E
SRR10132693,39.90639 N 116.5525 E
SRR10132694,39.90556 N 116.5478 E
SRR10132695,39.90583 N 116.5436 E
SRR10132696,39.90611 N 116.5347 E
SRR10132697,39.90667 N 116.5303 E
SRR10132698,39.90528 N 116.5400 E
SRR10132699,39.90556 N 116.5478 E
SRR10132701,39.90583 N 116.5436 E
SRR10131203,20.0 S 43.8 W
SRR10129838,40.37 N 115.79 E
SRR10129839,39.99 N 116.30 E
SRR10069935,6.4021 S 50.351 W
SRR10066347,81.0294 N 81.6440 W
SRR10066348,81.0294 N 81.6440 W
SRR10066349,81.0294 N 81.6440 W
SRR10066350,81.0294 N 81.6440 W
SRR10066351,81.0294 N 81.6440 W
SRR10066352,81.0294 N 81.6440 W
SRR10066353,81.0294 N 81.6440 W
SRR10066354,81.0294 N 81.6440 W
SRR10066355,81.0294 N 81.6440 W
SRR10036018,38.943062 N 94.593613 W
SRR10036019,38.903159 N 94.578199 W
SRR10036020,38.903159 N 94.578199 W
SRR10036021,39.119258 N 94.476065 W
SRR10036022,39.119258 N 94.476065 W
SRR10036023,39.119258 N 94.476065 W
SRR10036024,39.119097 N 94.489562 W
SRR10036025,38.939143 N 94.561442 W
SRR10036026,39.119097 N 94.489562 W
SRR10036027,39.119097 N 94.489562 W
SRR10036028,39.087112 N 94.49946 W
SRR10036029,39.087112 N 94.49946 W
SRR10036030,39.087112 N 94.49946 W
SRR10036031,39.017381 N 94.521087 W
SRR10036032,39.017381 N 94.521087 W
SRR10036033,39.017381 N 94.521087 W
SRR10036034,38.943062 N 94.593613 W
SRR10036035,38.943062 N 94.593613 W
SRR10036036,38.939143 N 94.561442 W
SRR10036037,38.932129 N 94.61322 W
SRR10036038,38.932129 N 94.61322 W
SRR10036039,38.932129 N 94.61322 W
SRR10036040,38.93085 N 94.631627 W
SRR10036041,38.93085 N 94.631627 W
SRR10036042,38.93085 N 94.631627 W
SRR10036043,38.922873 N 94.625833 W
SRR10036044,38.922873 N 94.625833 W
SRR10036045,38.922873 N 94.625833 W
SRR10036046,38.956451 N 94.560134 W
SRR10036047,38.9002091 N 94.6489961 W
SRR10036048,38.9002091 N 94.6489961 W
SRR10036049,38.9002091 N 94.6489961 W
SRR10036050,38.942513 N 94.737143 W
SRR10036051,38.942513 N 94.737143 W
SRR10036052,38.942513 N 94.737143 W
SRR10036053,38.900837 N 94.739828 W
SRR10036054,38.900837 N 94.739828 W
SRR10036055,38.900837 N 94.739828 W
SRR10036056,38.93288 N 94.69652 W
SRR10036057,38.956451 N 94.560134 W
SRR10036058,38.93288 N 94.69652 W
SRR10036059,38.93288 N 94.69652 W
SRR10036060,38.92075 N 94.699529 W
SRR10036061,38.92075 N 94.699529 W
SRR10036062,38.92075 N 94.699529 W
SRR10036063,38.925804 N 94.697055 W
SRR10036064,38.925804 N 94.697055 W
SRR10036065,38.925804 N 94.697055 W
SRR10036066,38.857594 N 94.7882 W
SRR10036067,38.857594 N 94.7882 W
SRR10036068,38.956451 N 94.560134 W
SRR10036069,38.857594 N 94.7882 W
SRR10036070,38.818864 N 94.778833 W
SRR10036071,38.818864 N 94.778833 W
SRR10036072,38.818864 N 94.778833 W
SRR10036073,38.813318 N 94.670967 W
SRR10036074,38.813318 N 94.670967 W
SRR10036075,38.813318 N 94.670967 W
SRR10036076,38.842448 N 94.612554 W
SRR10036077,38.842448 N 94.612554 W
SRR10036078,38.842448 N 94.612554 W
SRR10036079,38.952958 N 94.563948 W
SRR10036080,38.854923 N 94.615853 W
SRR10036081,38.854923 N 94.615853 W
SRR10036082,38.854923 N 94.615853 W
SRR10036083,38.891412 N 94.583257 W
SRR10036084,38.891412 N 94.583257 W
SRR10036085,38.891412 N 94.583257 W
SRR10036086,38.939143 N 94.561442 W
SRR10036087,38.939143 N 94.561442 W
SRR10036088,38.939143 N 94.561442 W
SRR10036089,38.903159 N 94.578199 W
SRR10036090,38.952958 N 94.563948 W
SRR10036091,38.952958 N 94.563948 W
SRR9658105,42.39651 N 85.40936 W
SRR9658106,42.39651 N 85.40936 W
SRR9658107,42.76324 N 84.405 W
SRR9658109,42.39651 N 85.40936 W
SRR9658110,42.39651 N 85.40936 W
SRR9658111,42.39651 N 85.40936 W
SRR9658112,42.39651 N 85.40936 W
SRR9658113,42.41803 N 85.44348 W
SRR9658114,42.41803 N 85.44348 W
SRR9658115,42.41803 N 85.44348 W
SRR9658116,42.35212 N 85.38545 W
SRR9658117,42.76324 N 84.405 W
SRR9658118,42.76324 N 84.405 W
SRR9658119,42.76324 N 84.405 W
SRR9658120,42.76324 N 84.405 W
SRR9658121,42.39651 N 85.40936 W
SRR9658122,42.39757 N 85.38536 W
SRR9658123,42.39757 N 85.38536 W
SRR9658124,42.39757 N 85.38536 W
SRR9658125,42.39757 N 85.38536 W
SRR9658126,42.39757 N 85.38536 W
SRR9658127,42.39757 N 85.38536 W
SRR9658128,42.56518 N 85.61352 W
SRR9658129,42.39757 N 85.38536 W
SRR9658130,42.35212 N 85.38545 W
SRR9658131,42.56518 N 85.61352 W
SRR9658132,42.39651 N 85.40936 W
SRR9658133,42.68079 N 84.4871 W
SRR9658134,42.68079 N 84.4871 W
SRR9658135,42.17991 N 85.11844 W
SRR9658136,42.67928 N 84.4849 W
SRR9658137,42.52346 N 83.666 W
SRR9658138,42.52346 N 83.666 W
SRR9658139,42.68079 N 84.4871 W
SRR9658140,42.68059 N 84.4831 W
SRR9658141,42.52346 N 83.666 W
SRR9658142,42.52346 N 83.666 W
SRR9658143,42.39651 N 85.40936 W
SRR9658144,42.39651 N 85.40936 W
SRR9658145,42.20619 N 83.5666 W
SRR9658146,42.42421 N 85.85677 W
SRR9658147,42.42421 N 85.85677 W
SRR9658148,42.42421 N 85.85677 W
SRR9658149,42.64643 N 85.50279 W
SRR9658150,42.39651 N 85.40936 W
SRR9658151,42.39651 N 85.40936 W
DRR151115,35.027207 N 135.689977 E
DRR151114,35.027207 N 135.689976 E
SRR9302958,27.71 N 100.78 E
SRR9302959,24.48 N 102.88 E
SRR9302960,24.57 N 102.89 E
SRR9302961,25.90 N 100.15 E
SRR9302962,25.94 N 100.16 E
SRR9302963,24.36 N 102.79 E
SRR9302964,24.38 N 102.78 E
SRR9302965,24.95 N 102.66 E
SRR9302966,24.96 N 102.65 E
SRR9289416,41.6642 N 87.5375 W
SRR9289418,41.6656 N 87.5497 W
SRR9214414,48.616034 N 14.676594 E
SRR9214415,48.616034 N 14.676594 E
SRR9199084,48.616034 N 14.676594 E
SRR9214417,48.616034 N 14.676594 E
SRR9214418,48.616034 N 14.676594 E
SRR9061263,39.11049 N 117.7274 E
SRR9061264,39.27763 N 117.5778 E
SRR9061265,39.38984 N 117.5044 E
SRR9061266,40.1023 N 116.7319 E
SRR9061267,40.04623 N 116.7651 E
SRR9061268,39.97084 N 116.7628 E
SRR9061269,39.90758 N 116.7813 E
SRR9061270,39.90758 N 116.7813 E
SRR9061271,39.97084 N 116.7628 E
SRR9061272,39.90604 N 116.7613 E
SRR9061273,40.33768 N 116.7958 E
SRR9061274,40.12949 N 116.6711 E
SRR9061275,40.694 N 117.1617 E
SRR9061276,40.34758 N 116.8168 E
SRR9061277,40.36955 N 116.8359 E
SRR9061278,40.65039 N 117.1777 E
SRR9061279,40.61254 N 116.7956 E
SRR9061280,40.63165 N 116.775 E
SRR9061281,40.68011 N 117.1267 E
SRR9061282,40.56488 N 116.8022 E
SRR9061283,40.40766 N 116.8471 E
SRR9061284,39.15497 N 117.6609 E
SRR9061285,39.15863 N 117.6434 E
SRR9061286,40.1023 N 116.7319 E
SRR9061287,40.04623 N 116.7651 E
SRR9061288,40.12949 N 116.6711 E
SRR9061289,40.34758 N 116.8168 E
SRR9061290,40.56488 N 116.8022 E
SRR9061291,40.61254 N 116.7956 E
SRR9061292,40.63165 N 116.775 E
SRR9061293,40.65438 N 116.775 E
SRR9061294,40.694 N 117.1617 E
SRR9061295,40.68011 N 117.1267 E
SRR9061296,40.36955 N 116.8359 E
SRR9061297,40.40766 N 116.8471 E
SRR9061298,39.47033 N 117.479 E
SRR9061299,40.65039 N 117.1777 E
SRR9061300,40.43775 N 116.9959 E
SRR9061301,40.39061 N 116.9106 E
SRR9061302,39.76123 N 117.1858 E
SRR9061303,39.71022 N 117.2088 E
SRR9061304,39.67972 N 117.2903 E
SRR9061305,39.60959 N 117.3882 E
SRR9061306,40.34765 N 116.8369 E
SRR9061307,40.72984 N 116.6237 E
SRR9061308,40.61254 N 116.7956 E
SRR9061309,40.40766 N 116.8471 E
SRR9061310,40.34765 N 116.8369 E
SRR9061311,40.72984 N 116.6237 E
SRR9061312,40.65438 N 116.775 E
SRR9061313,40.63165 N 116.775 E
SRR9061314,39.60959 N 117.3882 E
SRR9061315,39.47033 N 117.479 E
SRR9061316,40.65039 N 117.1777 E
SRR9061317,40.43775 N 116.9959 E
SRR9061318,39.73796 N 117.1294 E
SRR9061319,39.78488 N 116.9725 E
SRR9061320,39.15497 N 117.6609 E
SRR9061321,39.15863 N 117.6434 E
SRR9061322,40.68011 N 117.1267 E
SRR9061323,40.36955 N 116.8359 E
SRR9061324,40.33768 N 116.7958 E
SRR9061325,40.34758 N 116.8168 E
SRR9061326,40.04623 N 116.7651 E
SRR9061327,40.1023 N 116.7319 E
SRR9061328,39.27763 N 117.5778 E
SRR9061329,39.90758 N 116.7813 E
SRR9061330,39.76123 N 117.1858 E
SRR9061331,39.71022 N 117.2088 E
SRR9061332,39.27763 N 117.5778 E
SRR9061333,39.15863 N 117.6434 E
SRR9061334,39.15497 N 117.6609 E
SRR9061335,39.11049 N 117.7274 E
SRR9061336,39.90604 N 116.7613 E
SRR9061337,39.85734 N 116.8424 E
SRR9061338,39.78488 N 116.9725 E
SRR9061339,39.73796 N 117.1294 E
SRR9061340,39.47033 N 117.479 E
SRR9061341,40.43775 N 116.9959 E
SRR9061342,39.85734 N 116.8424 E
SRR9061343,39.78488 N 116.9725 E
SRR9061344,39.11049 N 117.7274 E
SRR9061345,39.90604 N 116.7613 E
SRR9061346,39.67972 N 117.2903 E
SRR9061347,39.60959 N 117.3882 E
SRR9061348,39.73796 N 117.1294 E
SRR9061349,39.76123 N 117.1858 E
SRR9061350,39.38984 N 117.5044 E
SRR9061351,39.90758 N 116.7813 E
SRR9061352,39.97084 N 116.7628 E
SRR9061353,40.04623 N 116.7651 E
SRR9061354,40.1023 N 116.7319 E
SRR9061355,40.12949 N 116.6711 E
SRR9061356,40.33768 N 116.7958 E
SRR9061357,40.34758 N 116.8168 E
SRR9061358,40.72984 N 116.6237 E
SRR9061359,40.34765 N 116.8369 E
SRR9061360,39.71022 N 117.2088 E
SRR9061361,39.67972 N 117.2903 E
SRR9061362,39.27763 N 117.5778 E
SRR9061363,39.15863 N 117.6434 E
SRR9061364,39.11049 N 117.7274 E
SRR9061365,39.90604 N 116.7613 E
SRR9061366,39.85734 N 116.8424 E
SRR9061367,39.78488 N 116.9725 E
SRR9061368,39.73796 N 117.1294 E
SRR9061369,39.76123 N 117.1858 E
SRR9061370,40.34765 N 116.8369 E
SRR9061371,40.39061 N 116.9106 E
SRR9061372,40.65438 N 116.775 E
SRR9061373,40.72984 N 116.6237 E
SRR9061374,39.47033 N 117.479 E
SRR9061375,39.60959 N 117.3882 E
SRR9061376,40.43775 N 116.9959 E
SRR8894378,24.541 N 102.895 E
SRR8894379,24.541 N 102.895 E
SRR8894380,24.541 N 102.895 E
SRR8894381,24.541 N 102.895 E
SRR8894382,24.541 N 102.895 E
SRR8870486,28.627552 N 77.253977 E
SRR8870488,28.627552 N 77.253977 E
SRR8837834,53.7 N 109.11 E
SRR8837835,53.7 N 109.11 E
SRR8837836,53.93 N 109.03 E
SRR8837837,53.93 N 109.03 E
SRR8837838,53.9 N 109.07 E
SRR8837839,53.9 N 109.07 E
SRR8837840,53.71 N 109.07 E
SRR8837841,53.71 N 109.07 E
SRR8837842,53.96 N 109.17 E
SRR8837843,53.96 N 109.17 E
SRR8837844,52.14 N 105.78 E
SRR8837845,52.14 N 105.78 E
SRR8837846,52.14 N 105.78 E
SRR8837847,52.14 N 105.78 E
SRR8837848,51.67 N 104.05 E
SRR8837849,51.67 N 104.05 E
SRR8837850,51.67 N 104.05 E
SRR8837851,52.14 N 105.78 E
SRR8837852,51.87 N 105.08 E
SRR8837853,51.87 N 105.08 E
SRR8837854,51.67 N 104.05 E
SRR8837855,51.87 N 105.08 E
SRR8837856,52.14 N 105.78 E
SRR8837857,52.14 N 105.78 E
SRR8837858,54.86 N 109.46 E
SRR8837859,52.37 N 106.29 E
SRR8837860,52.37 N 106.29 E
SRR8837861,52.14 N 105.78 E
SRR8837862,54.86 N 109.46 E
SRR8837863,54.86 N 109.46 E
SRR8837864,54.86 N 109.46 E
SRR8837865,54.86 N 109.46 E
SRR8837866,53.82 N 109.11 E
SRR8837867,53.82 N 109.16 E
SRR8837868,53.83 N 109.07 E
SRR8837869,53.82 N 109.11 E
SRR8837870,53.88 N 109.18 E
SRR8837871,53.83 N 109.07 E
SRR8837872,54.01 N 108.42 E
SRR8837873,53.88 N 109.18 E
SRR8837874,54.01 N 108.42 E
SRR8837875,54.01 N 108.42 E
SRR8837876,53.66 N 109.08 E
SRR8837877,53.66 N 109.08 E
SRR8837878,53.69 N 109.14 E
SRR8837879,53.69 N 109.14 E
SRR8837880,53.77 N 109.12 E
SRR8837881,53.77 N 109.12 E
SRR8837882,53.77 N 109.07 E
SRR8837883,53.77 N 109.07 E
SRR8837884,53.77 N 109.15 E
SRR8837885,53.82 N 109.16 E
SRR8837886,53.5 N 108.79 E
SRR8837887,53.5 N 108.79 E
SRR8837888,53.5 N 108.79 E
SRR8837889,53.5 N 108.79 E
SRR8837890,53.5 N 108.79 E
SRR8837891,53.5 N 108.79 E
SRR8837892,53.54 N 108.87 E
SRR8837893,53.54 N 108.87 E
SRR8837894,53.54 N 108.87 E
SRR8837895,53.54 N 108.87 E
SRR8837896,51.67 N 104.05 E
SRR8837897,53.33 N 107.5 E
SRR8837898,53.33 N 107.5 E
SRR8837899,53.33 N 107.5 E
SRR8837900,53.33 N 107.5 E
SRR8837901,53.33 N 107.5 E
SRR8837902,53.46 N 108.04 E
SRR8837903,53.46 N 108.04 E
SRR8837904,53.46 N 108.04 E
SRR8837905,53.33 N 107.5 E
SRR8837906,53.33 N 107.5 E
SRR8837907,54.01 N 108.42 E
SRR8837908,54.01 N 108.42 E
SRR8837909,54.01 N 108.42 E
SRR8837910,54.01 N 108.42 E
SRR8837911,54.01 N 108.42 E
SRR8837912,53.46 N 108.04 E
SRR8837913,53.46 N 108.04 E
SRR8837914,53.46 N 108.04 E
SRR8837915,53.46 N 108.04 E
SRR8837916,53.46 N 108.04 E
SRR8837917,54.86 N 109.46 E
SRR8837918,54.86 N 109.46 E
SRR8837919,54.86 N 109.46 E
SRR8837920,54.86 N 109.46 E
SRR8837921,54.86 N 109.46 E
SRR8837922,54.86 N 109.46 E
SRR8837923,52.82 N 107.15 E
SRR8837924,52.82 N 107.15 E
SRR8837925,52.4 N 106.84 E
SRR8837926,52.4 N 106.84 E
SRR8837927,52.82 N 107.15 E
SRR8837928,52.82 N 107.15 E
SRR8837929,52.82 N 107.15 E
SRR8837930,52.82 N 107.15 E
SRR8837931,53.13 N 106.95 E
SRR8837932,53.13 N 106.95 E
SRR8837933,53.13 N 106.95 E
SRR8837934,53.13 N 106.95 E
SRR8837935,53.33 N 107.5 E
SRR8837936,53.13 N 106.95 E
SRR8837937,51.87 N 105.08 E
SRR8837938,51.87 N 105.08 E
SRR8837939,51.67 N 104.05 E
SRR8837940,51.67 N 104.05 E
SRR8837941,51.67 N 104.05 E
SRR8837942,51.67 N 104.05 E
SRR8837943,51.87 N 105.08 E
SRR8837944,51.87 N 105.08 E
SRR8837945,51.67 N 104.05 E
SRR8837946,51.87 N 105.08 E
SRR8675718,5.531166667 N 5.701194444 E
SRR8675719,5.532916667 N 5.648500000 E
SRR8675720,5.512361111 N 5.747027778 E
SRR8675721,5.540916667 N 5.628305556 E
SRR8675722,5.51275 N 5.733194445 E
SRR8675723,5.511555556 N 5.745583333 E
SRR8675724,5.529722222 N 5.700972222 E
SRR8675725,5.530944445 N 5.701194444 E
SRR8675726,5.540916667 N 5.628305556 E
SRR8675727,5.538138889 N 5.66525 E
SRR8675728,5.532916667 N 5.648500000 E
SRR8675729,5.531166667 N 5.701194444 E
SRR8675730,5.530944445 N 5.701194444 E
SRR8675731,5.529722222 N 5.700972222 E
SRR8675732,5.51275 N 5.733194445 E
SRR8675733,5.538138889 N 5.66525 E
SRR8675734,5.540916667 N 5.628305556 E
SRR8675735,5.512361111 N 5.747027778 E
SRR8675736,5.51275 N 5.733194445 E
SRR8675737,5.538138889 N 5.66525 E
SRR8675738,5.529722222 N 5.700972222 E
SRR8675739,5.511555556 N 5.745583333 E
SRR8675740,5.532916667 N 5.648500000 E
SRR8675741,5.530944445 N 5.701194444 E
SRR8675742,5.529722222 N 5.700972222 E
SRR8675743,5.511555556 N 5.745583333 E
SRR8675744,5.538138889 N 5.66525 E
SRR8675745,5.540916667 N 5.628305556 E
SRR8675746,5.511555556 N 5.745583333 E
SRR8675747,5.51275 N 5.733194445 E
SRR8675748,5.531166667 N 5.701194444 E
SRR8675749,5.530944445 N 5.701194444 E
SRR8675750,5.512361111 N 5.747027778 E
SRR8675751,5.532916667 N 5.648500000 E
SRR8561390,51.787400 N 104.939100 E
SRR8561391,51.787400 N 104.939100 E
SRR8517158,49.77 N 93.82 W
SRR8517159,49.77 N 93.82 W
SRR8517160,49.69 N 93.69 W
SRR8517161,49.69 N 93.69 W
SRR8517162,49.69 N 93.69 W
SRR8517163,49.69 N 93.69 W
SRR8369884,23.1037 N 113.3014 E
SRR8369885,23.1037 N 113.3010 E
SRR8369886,23.1037 N 113.3012 E
SRR8369887,23.1037 N 113.3008 E
SRR8209851,22.5121 N 88.3637 E
SRR8209852,22.5121 N 88.3637 E
SRR8191144,41.3840 N 82.5130 W
SRR8191145,41.3840 N 82.5130 W
SRR8146599,66.753112 N 32.784200 E
SRR8126707,38.91 N 76.96 W
SRR8126708,38.91 N 76.96 W
SRR8126709,38.91 N 76.96 W
SRR8126710,38.91 N 76.96 W
SRR8126711,38.91 N 76.96 W
SRR8126712,38.91 N 76.96 W
SRR8126713,38.91 N 76.96 W
SRR8126714,38.91 N 76.96 W
SRR8126715,38.91 N 76.96 W
SRR8126716,38.91 N 76.96 W
SRR8126717,38.91 N 76.96 W
SRR8126718,38.91 N 76.96 W
SRR8126719,38.91 N 76.96 W
SRR8126720,38.91 N 76.96 W
SRR8126721,38.91 N 76.96 W
SRR8126722,38.91 N 76.96 W
SRR8126723,38.91 N 76.96 W
SRR8126724,38.91 N 76.96 W
SRR8126725,38.91 N 76.96 W
SRR8126726,38.91 N 76.96 W
SRR8126727,38.91 N 76.96 W
SRR8126728,38.91 N 76.96 W
SRR8126729,38.91 N 76.96 W
SRR8126730,38.91 N 76.96 W
SRR8126731,38.91 N 76.96 W
SRR8126732,38.91 N 76.96 W
SRR8126733,38.91 N 76.96 W
SRR8126734,38.91 N 76.96 W
SRR8126735,38.91 N 76.96 W
SRR8126736,38.91 N 76.96 W
SRR8126737,38.91 N 76.96 W
SRR8126738,38.91 N 76.96 W
SRR8075934,34.261117 N 83.950069 W
SRR8075935,34.261117 N 83.950069 W
SRR8075936,34.261117 N 83.950069 W
SRR8075938,34.261117 N 83.950069 W
SRR8075940,29.718121 N 84.888527 W
SRR8075941,31.66294 N 85.062168 W
SRR8075942,29.718121 N 84.888527 W
SRR8075943,29.718121 N 84.888527 W
SRR8075944,29.719072 N 84.981177 W
SRR8075946,29.719072 N 84.981177 W
SRR8075947,29.719072 N 84.981177 W
SRR8075948,31.66294 N 85.062168 W
SRR8075949,31.66294 N 85.062168 W
SRR8075950,34.261117 N 83.950069 W
SRR8075952,32.933463 N 85.19634 W
SRR8075953,32.933463 N 85.19634 W
SRR8075954,34.261117 N 83.950069 W
SRR8075955,29.719072 N 84.981177 W
SRR8075958,34.261117 N 83.950069 W
SRR8075960,32.664624 N 85.087393 W
SRR8075961,34.261117 N 83.950069 W
SRR8075962,32.664624 N 85.087393 W
SRR8075963,32.664624 N 85.087393 W
SRR8075964,31.66294 N 85.062168 W
SRR8075965,32.664624 N 85.087393 W
SRR8075975,34.261117 N 83.950069 W
SRR8075976,34.261117 N 83.950069 W
SRR8075977,31.66294 N 85.062168 W
SRR8075978,32.933463 N 85.19634 W
SRR8075979,29.718121 N 84.888527 W
SRR8075980,31.66294 N 85.062168 W
SRR8075982,34.261117 N 83.950069 W
SRR8075983,34.261117 N 83.950069 W
SRR8075984,34.261117 N 83.950069 W
SRR8075985,30.743083 N 84.858652 W
SRR8075986,30.743083 N 84.858652 W
SRR8075987,30.743083 N 84.858652 W
SRR8075988,30.743083 N 84.858652 W
SRR8075989,32.933463 N 85.19634 W
SRR8075990,32.933463 N 85.19634 W
SRR8075991,30.743083 N 84.858652 W
SRR8075992,32.664624 N 85.087393 W
SRR8075993,31.66294 N 85.062168 W
SRR7877878,31.76 N 106.48 W
SRR7877879,31.76 N 106.48 W
SRR7877880,31.76 N 106.48 W
SRR7877881,31.76 N 106.48 W
SRR7877882,31.76 N 106.48 W
SRR7877883,31.76 N 106.48 W
SRR7877884,37.87 N 122.25 W
SRR7877885,31.76 N 106.48 W
SRR7877886,31.76 N 106.49 W
SRR7877887,31.76 N 106.48 W
SRR7877888,31.76 N 106.48 W
SRR7877889,31.76 N 106.48 W
SRR7877890,31.76 N 106.48 W
SRR7514472,58.778056 N 111.338851 W
SRR7514473,58.778056 N 111.338851 W
SRR7514474,58.778056 N 111.338851 W
SRR7514475,58.778056 N 111.338851 W
SRR7514476,58.778056 N 111.338851 W
SRR7514477,58.778056 N 111.338851 W
SRR7514478,58.778056 N 111.338851 W
SRR7514479,58.778056 N 111.338851 W
SRR7514480,58.778056 N 111.338851 W
SRR7514481,58.778056 N 111.338851 W
SRR7514482,58.778056 N 111.338851 W
SRR7514483,58.778056 N 111.338851 W
SRR7514484,58.778056 N 111.338851 W
SRR7514485,58.778056 N 111.338851 W
SRR7514486,58.778056 N 111.338851 W
SRR7514487,58.778056 N 111.338851 W
SRR7514488,58.778056 N 111.338851 W
SRR7514489,58.778056 N 111.338851 W
SRR7514490,58.778056 N 111.338851 W
SRR7514491,58.778056 N 111.338851 W
SRR7514492,58.778056 N 111.338851 W
SRR7514493,58.778056 N 111.338851 W
SRR7514494,58.778056 N 111.338851 W
SRR7514495,58.778056 N 111.338851 W
SRR7514496,58.778056 N 111.338851 W
SRR7514497,58.778056 N 111.338851 W
SRR7514498,58.778056 N 111.338851 W
SRR7514499,58.778056 N 111.338851 W
SRR7514500,58.778056 N 111.338851 W
SRR7514501,58.778056 N 111.338851 W
SRR7514502,58.778056 N 111.338851 W
SRR7514503,58.778056 N 111.338851 W
SRR7514504,58.778056 N 111.338851 W
SRR7514505,58.778056 N 111.338851 W
SRR7514506,58.778056 N 111.338851 W
SRR7514507,58.778056 N 111.338851 W
SRR7514508,58.778056 N 111.338851 W
SRR7514509,58.778056 N 111.338851 W
SRR7514510,58.778056 N 111.338851 W
SRR7514511,58.778056 N 111.338851 W
SRR7514512,58.778056 N 111.338851 W
SRR7514513,58.778056 N 111.338851 W
SRR7514514,58.778056 N 111.338851 W
SRR7514515,58.778056 N 111.338851 W
SRR7468254,58.778056 N 111.338851 W
SRR7468255,58.778056 N 111.338851 W
SRR7468256,58.778056 N 111.338851 W
SRR7468257,58.778056 N 111.338851 W
SRR7468258,58.778056 N 111.338851 W
SRR7468259,58.778056 N 111.338851 W
SRR7468260,58.778056 N 111.338851 W
SRR7468261,58.778056 N 111.338851 W
SRR7468262,58.778056 N 111.338851 W
SRR7468263,58.778056 N 111.338851 W
SRR7468264,58.778056 N 111.338851 W
SRR7468265,58.778056 N 111.338851 W
SRR7468266,58.778056 N 111.338851 W
SRR7468267,58.778056 N 111.338851 W
SRR7468268,58.778056 N 111.338851 W
SRR7468269,58.778056 N 111.338851 W
SRR7468270,58.778056 N 111.338851 W
SRR7468271,58.778056 N 111.338851 W
SRR7468272,58.778056 N 111.338851 W
SRR7468273,58.778056 N 111.338851 W
SRR7468274,58.778056 N 111.338851 W
SRR7468275,58.778056 N 111.338851 W
SRR7468276,58.778056 N 111.338851 W
SRR7468277,58.778056 N 111.338851 W
SRR7468278,58.778056 N 111.338851 W
SRR7468279,58.778056 N 111.338851 W
SRR7468280,58.778056 N 111.338851 W
SRR7468281,58.778056 N 111.338851 W
SRR7468282,58.778056 N 111.338851 W
SRR7468283,58.778056 N 111.338851 W
SRR7468284,58.778056 N 111.338851 W
SRR7468285,58.778056 N 111.338851 W
SRR7468286,58.778056 N 111.338851 W
SRR7468287,58.778056 N 111.338851 W
SRR7468288,58.778056 N 111.338851 W
SRR7468289,58.778056 N 111.338851 W
SRR7468290,58.778056 N 111.338851 W
SRR7468291,58.778056 N 111.338851 W
SRR7468292,58.778056 N 111.338851 W
SRR7468293,58.778056 N 111.338851 W
SRR7468294,58.778056 N 111.338851 W
SRR7468295,58.778056 N 111.338851 W
SRR7468296,58.778056 N 111.338851 W
SRR7468297,58.778056 N 111.338851 W
SRR7468298,58.778056 N 111.338851 W
SRR7468299,58.778056 N 111.338851 W
SRR7468300,58.778056 N 111.338851 W
SRR7468301,58.778056 N 111.338851 W
SRR7468302,58.778056 N 111.338851 W
SRR7468303,58.778056 N 111.338851 W
SRR7468304,58.778056 N 111.338851 W
SRR7468305,58.778056 N 111.338851 W
SRR7468306,58.778056 N 111.338851 W
SRR7468307,58.778056 N 111.338851 W
SRR7468308,58.778056 N 111.338851 W
SRR7468309,58.778056 N 111.338851 W
SRR7468310,58.778056 N 111.338851 W
SRR7468311,58.778056 N 111.338851 W
SRR7468312,58.778056 N 111.338851 W
SRR7468313,58.778056 N 111.338851 W
SRR7468314,58.778056 N 111.338851 W
SRR7369907,33.11 N 120.26 E
SRR7369908,33.11 N 120.26 E
SRR7369909,33.11 N 120.26 E
SRR7369910,33.11 N 120.26 E
SRR7369911,33.11 N 120.26 E
SRR7369912,33.11 N 120.26 E
SRR7369913,33.11 N 120.26 E
SRR7369914,33.11 N 120.26 E
SRR7369915,33.11 N 120.26 E
SRR7369916,33.11 N 120.26 E
SRR7369917,33.11 N 120.26 E
SRR7369918,33.11 N 120.26 E
SRR7369919,33.11 N 120.26 E
SRR7369920,33.11 N 120.26 E
SRR7369921,33.11 N 120.26 E
SRR7369922,33.11 N 120.26 E
SRR7369923,33.11 N 120.26 E
SRR7369924,33.11 N 120.26 E
SRR7249133,40.412250 N 104.563270 W
SRR7249134,40.417740 N 104.640170 W
SRR7054680,47.30 N 8.57 E
SRR7054681,47.30 N 8.57 E
SRR6986807,47.23 N 132.05 E
SRR6986808,29.16 N 88.49 E
SRR6986809,31.09 N 121.21 E
SRR6986810,31.12 N 121.26 E
SRR6986811,1.21 N 103.43 E
SRR6986812,47.25 N 132.03 E
SRR6986813,22.47 N 108.21 E
SRR6986814,22.15 N 114.15 E
SRR6986815,29.21 N 111.49 E
SRR6986816,22.43 N 108.19 E
SRR6986817,37.45 N 112.39 E
SRR6986818,29.17 N 111.53 E
SRR6986819,38.28 N 106.13 E
SRR6986820,38.03 N 116.20 E
SRR6986821,31.14 N 121.29 E
SRR6986822,34.52 N 118.43 E
SRR6986823,36.06 N 120.20 E
SRR6986824,34.55 N 118.41 E
SRR6986825,31.10 N 121.27 E
SRR6986826,36.04 N 120.19 E
SRR6797127,47.25 N 132.03 E
SRR6797128,38.54 N 121.38 E
SRR6797129,39.10 N 117.10 E
SRR6797130,38.03 N 116.20 E
SRR6797131,36.04 N 120.19 E
SRR6797132,34.52 N 118.43 E
SRR6797133,34.15 N 117.11 E
SRR6797134,32.03 N 118.46 E
SRR6797135,31.12 N 121.26 E
SRR6797136,22.15 N 114.15 E
SRR6797137,29.17 N 111.53 E
SRR6797138,34.44 N 113.42 E
SRR6797139,37.42 N 112.45 E
SRR6797140,39.36 N 105.08 E
SRR6797141,22.12 N 113.32 E
SRR6797142,40.36 N 120.48 E
SRR6797143,23.10 N 113.18 E
SRR6797144,22.47 N 108.21 E
SRR6797145,38.28 N 106.13 E
SRR6797146,30.39 N 104.04 E
SRR6797147,41.09 N 80.18 E
SRR6797148,29.16 N 88.49 E
SRR6797149,26.10 S 28.00 E
SRR6797150,1.21 N 103.43 E
SRR6797151,37.25 N 122.10 W
SRR6787039,48.846361 N 14.487639 E
SRR6754086,48.846361 N 14.487639 E
SRR6754087,48.846361 N 14.487639 E
SRR6754088,48.846361 N 14.487639 E
SRR6754089,48.846361 N 14.487639 E
SRR6791932,48.846361 N 14.487639 E
SRR6754092,48.846361 N 14.487639 E
SRR6754093,48.846361 N 14.487639 E
SRR6754094,48.846361 N 14.487639 E
SRR6754095,48.846361 N 14.487639 E
SRR6754096,48.846361 N 14.487639 E
SRR6754097,48.846361 N 14.487639 E
SRR6754098,48.846361 N 14.487639 E
SRR6754099,48.846361 N 14.487639 E
SRR6754100,48.846361 N 14.487639 E
SRR6754101,48.846361 N 14.487639 E
SRR6754102,48.846361 N 14.487639 E
SRR6754103,48.846361 N 14.487639 E
SRR6475630,47.30 N 8.57 E
SRR6475631,47.30 N 8.57 E
SRR6475632,47.30 N 8.57 E
SRR6475633,47.30 N 8.57 E
SRR6470656,31.22 N 120.19 E
SRR6470657,31.28 N 120.16 E
SRR6470658,31.22 N 120.18 E
SRR6470659,31.22 N 120.17 E
SRR6470660,31.28 N 120.18 E
SRR6470661,31.15 N 120.15 E
SRR6470662,31.28 N 120.17 E
SRR6470663,31.22 N 120.20 E
SRR6470664,31.28 N 120.20 E
SRR6470665,31.28 N 120.19 E
SRR6470666,31.28 N 120.15 E
SRR6470667,31.22 N 120.16 E
SRR6470668,31.22 N 120.14 E
SRR6470669,31.28 N 120.10 E
SRR6470670,31.28 N 120.11 E
SRR6470671,31.18 N 119.57 E
SRR6470672,31.22 N 120.15 E
SRR6470673,31.28 N 120.12 E
SRR6470674,31.28 N 120.14 E
SRR6470675,31.28 N 120.13 E
SRR6470676,31.32 N 120.15 E
SRR6470677,31.28 N 120.21 E
SRR6470678,31.32 N 120.13 E
SRR6470679,31.32 N 120.14 E
SRR6470680,31.32 N 120.16 E
SRR6470681,31.32 N 120.17 E
SRR6466468,22.72 N 113.60 E
SRR6466469,23.16 N 112.83 E
SRR6466470,23.17 N 112.77 E
SRR6466471,23.69 N 113.01 E
SRR6423776,1.34 N 103.92 E
SRR6423777,1.40 N 103.81 E
SRR6423778,1.34 N 103.83 E
SRR6423779,1.34 N 103.915 E
SRR6423780,1.39 N 103.91 E
SRR6423781,1.41 N 103.72 E
SRR6423782,1.40 N 103.79 E
SRR6423783,1.40 N 103.80 E
SRR6423784,1.34 N 103.831 E
SRR6423785,1.34 N 103.914 E
SRR6423786,1.29 N 103.841 E
SRR6423787,1.29 N 103.861 E
SRR6423788,1.40 N 103.791 E
SRR6423789,1.40 N 103.801 E
SRR6423790,1.34 N 103.921 E
SRR6423791,1.41 N 103.731 E
SRR6423792,1.39 N 103.911 E
SRR6423793,1.32 N 103.871 E
SRR6423794,1.30 N 103.891 E
SRR6423795,1.39 N 103.921 E
SRR6423796,1.38 N 103.911 E
SRR6423797,1.381 N 103.916 E
SRR6423798,1.38 N 103.921 E
SRR6423799,1.31 N 103.721 E
SRR6423800,1.42 N 103.721 E
SRR6423801,1.40 N 103.811 E
SRR6423802,1.42 N 103.72 E
SRR6423803,1.31 N 103.72 E
SRR6423804,1.38 N 103.92 E
SRR6423805,1.381 N 103.915 E
SRR6423806,1.38 N 103.91 E
SRR6423807,1.39 N 103.92 E
SRR6423808,1.30 N 103.89 E
SRR6423809,1.32 N 103.87 E
SRR6423810,1.29 N 103.84 E
SRR6423811,1.29 N 103.86 E
SRR2989666,25.84 N 100.18 E
SRR2989665,25.91 N 100.15 E
SRR2989663,24.72 N 102.64 E
SRR2989662,24.75 N 102.63 E
SRR2989661,24.77 N 102.69 E
SRR2989660,24.86 N 102.71 E
SRR2989659,24.89 N 102.72 E
SRR2989658,24.93 N 102.66 E
SRR2989656,24.72 N 102.64 E
SRR2989654,24.75 N 102.63 E
SRR2989653,24.77 N 102.69 E
SRR2989652,24.86 N 102.71 E
SRR2989651,24.89 N 102.72 E
SRR2989584,24.93 N 102.66 E
SRR2990523,25.65 N 100.24 E
SRR2990522,25.70 N 100.24 E
SRR2990505,25.75 N 100.19 E
SRR2990504,25.80 N 100.15 E
SRR2990503,25.84 N 100.18 E
SRR2990502,25.91 N 100.15 E
SRR2989722,25.65 N 100.24 E
SRR2989721,25.70 N 100.24 E
SRR2989684,25.75 N 100.19 E
SRR2989683,25.80 N 100.15 E
SRR2962531,25.65 N 100.24 E
SRR2962530,25.70 N 100.24 E
SRR2962529,25.75 N 100.19 E
SRR2962526,25.80 N 100.15 E
SRR2962524,25.84 N 100.18 E
SRR2962523,25.91 N 100.15 E
SRR2962522,25.65 N 100.24 E
SRR2962521,25.70 N 100.24 E
SRR2962520,25.75 N 100.19 E
SRR2962519,25.80 N 100.15 E
SRR2962518,25.84 N 100.18 E
SRR2962517,25.91 N 100.15 E
SRR2962516,24.72 N 102.64 E
SRR2962511,24.75 N 102.63 E
SRR2962507,24.77 N 102.69 E
SRR2962506,24.86 N 102.71 E
SRR2962505,24.89 N 102.72 E
SRR2962504,24.93 N 102.66 E
SRR2962503,24.72 N 102.64 E
SRR2962502,24.75 N 102.63 E
SRR2962501,24.77 N 102.69 E
SRR2962500,24.86 N 102.71 E
SRR2962498,24.89 N 102.72 E
SRR2962224,24.93 N 102.66 E
SRR2082964,42.87 N 79.43 W
SRR1522974,36.36 S 48.17 W
SRR1522973,11.83 S 36.75 W
SRR1522971,50.96 S 19.76 W
SRR1522964,12.46 S 31.30 W
SRR1518285,8.03 S 54.69 W
SRR1515032,7.45 S 13.91 W
SRR1514963,3.86 S 23.04 W
SRR6321504,22.5628 N 113.9659 E
SRR6321499,22.5628 N 113.9659 E
SRR6317135,22.5628 N 113.9659 E
SRR6317132,22.5628 N 113.9659 E
SRR6262235,24.82 N 118.16 E
SRR6262236,24.82 N 118.16 E
SRR6262237,24.82 N 118.16 E
SRR6262238,24.82 N 118.16 E
SRR6262239,24.82 N 118.16 E
SRR6262240,24.82 N 118.16 E
SRR6262241,24.82 N 118.16 E
SRR6262242,24.82 N 118.16 E
SRR6262243,24.82 N 118.16 E
SRR6262244,24.82 N 118.16 E
SRR6262245,24.82 N 118.16 E
SRR6262246,24.82 N 118.16 E
SRR6237650,42.43592 N 71.14935 W
SRR6237655,42.43592 N 71.14935 W
SRR6201526,41.77 N 81.73 W
SRR6201524,41.77 N 81.73 W
SRR6201002,43.099444 N 89.404444 W
SRR6197918,43.099444 N 89.404444 W
SRR5997540,1.42 N 103.72 E
SRR5997541,1.31 N 103.72 E
SRR5997542,1.29 N 103.84 E
SRR5997543,1.29 N 103.86 E
SRR5997544,1.30 N 103.89 E
SRR5997545,1.32 N 103.87 E
SRR5997546,1.38 N 103.91 E
SRR5997547,1.39 N 103.92 E
SRR5997548,1.38 N 103.92 E
SRR5997549,1.381 N 103.915 E
SRR5997550,1.391 N 103.86 E
SRR5997551,1.41 N 103.73 E
SRR5997552,1.41 N 103.72 E
SRR5896114,51.7874 N 104.9391 E
SRR5896115,51.7874 N 104.9391 E
SRR5857879,43.2047 N 79.2660 W
SRR5857880,43.2052 N 79.2648 W
SRR5857881,43.2043 N 79.2669 W
SRR5857882,43.3698 N 79.3981 W
SRR5857883,42.8723 N 79.4188 W
SRR5857884,42.8722 N 79.4272 W
SRR5857885,42.8744 N 79.4289 W
SRR5857886,42.8754 N 79.4299 W
SRR5857887,42.8638 N 79.3862 W
SRR5857888,43.2047 N 79.2660 W
SRR5857889,43.0873 N 79.2916 W
SRR5857890,42.9974 N 79.0409 W
SRR5857891,42.9477 N 79.3783 W
SRR5857892,43.2251 N 79.1827 W
SRR5857893,43.1983 N 79.2647 W
SRR5857894,43.0500 N 79.1326 W
SRR5857895,43.1156 N 79.5665 W
SRR5857896,42.9551 N 79.0159 W
SRR5857897,43.2211 N 79.2258 W
SRR5857898,43.1897 N 79.4969 W
SRR5857899,43.1250 N 79.0813 W
SRR5857900,43.0746 N 79.8080 W
SRR5857901,43.1250 N 79.0813 W
SRR5857902,43.1120 N 79.1756 W
SRR5857903,43.2573 N 79.0866 W
SRR5857904,42.9885 N 79.2663 W
SRR5857905,42.9803 N 79.2853 W
SRR5857906,43.0056 N 79.4823 W
SRR5857907,43.0646 N 79.7947 W
SRR5857908,42.9968 N 79.5662 W
SRR5857909,42.9720 N 79.3177 W
SRR5857910,42.8864 N 78.9547 W
SRR5857911,43.0213 N 79.6177 W
SRR5857912,43.0287 N 79.2110 W
SRR5857913,43.1250 N 79.0813 W
SRR5857914,42.9848 N 79.2728 W
SRR5857915,42.9947 N 79.2501 W
SRR5857916,43.2532 N 79.1259 W
SRR5857917,42.9309 N 78.9375 W
SRR5857918,43.0462 N 79.1230 W
SRR5857919,43.1268 N 79.3959 W
SRR5857920,42.9720 N 79.3177 W
SRR5857921,42.9968 N 79.5662 W
SRR5857922,43.1113 N 79.8815 W
SRR5857923,43.1601 N 79.9312 W
SRR5857924,43.0213 N 79.6177 W
SRR5857925,43.0998 N 79.8132 W
SRR5857926,43.0414 N 79.1230 W
SRR5857927,43.1268 N 79.3959 W
SRR5857928,43.1613 N 79.9368 W
SRR5857929,43.1707 N 79.9474 W
SRR5857930,43.0575 N 79.2858 W
SRR5857931,43.1519 N 79.3745 W
SRR5857932,43.1333 N 79.3835 W
SRR5857933,43.0838 N 79.4748 W
SRR5857934,43.1342 N 79.7453 W
SRR5857935,42.9968 N 79.5662 W
SRR5857936,43.0213 N 79.6177 W
SRR5857937,43.2162 N 79.2121 W
SRR5857938,43.0274 N 79.6322 W
SRR5857939,43.0745 N 79.5250 W
SRR5857940,43.0414 N 79.1230 W
SRR5857941,43.0393 N 79.0821 W
SRR5857942,43.2532 N 79.1259 W
SRR5857529,43.1268 N 79.3959 W
SRR5857530,43.0638 N 79.2749 W
SRR5857531,43.0731 N 79.3093 W
SRR5857532,42.9725 N 79.0184 W
SRR5857533,42.9460 N 79.0683 W
SRR5857534,42.9725 N 79.0184 W
SRR5857535,42.9460 N 79.0683 W
SRR5857536,43.0998 N 79.8132 W
SRR5857537,42.8481 N 79.0951 W
SRR5857538,43.0638 N 79.2749 W
SRR5857539,42.8381 N 79.1951 W
SRR5857540,42.8721 N 79.2181 W
SRR5857541,42.8760 N 79.2804 W
SRR5857542,43.2043 N 79.2669 W
SRR5857543,43.2052 N 79.2648 W
SRR5857544,43.2047 N 79.2660 W
SRR5857545,42.8864 N 78.9547 W
SRR5857546,42.8723 N 79.4188 W
SRR5857547,42.8698 N 79.3981 W
SRR5857548,43.1707 N 79.9474 W
SRR5857549,42.8744 N 79.4289 W
SRR5857550,42.8722 N 79.4272 W
SRR5857551,42.8723 N 79.4188 W
SRR5857552,42.8698 N 79.3981 W
SRR5857553,42.8744 N 79.4289 W
SRR5857554,42.8722 N 79.4272 W
SRR5857555,42.8638 N 79.3862 W
SRR5857556,42.8754 N 79.4299 W
SRR5857557,43.2052 N 79.2648 W
SRR5857558,43.2047 N 79.2660 W
SRR5857559,42.8698 N 79.3981 W
SRR5857560,43.2043 N 79.2669 W
SRR5857561,43.0575 N 79.2858 W
SRR5857562,43.0731 N 79.3093 W
SRR5857563,43.0689 N 79.7805 W
SRR5857564,43.0125 N 79.2370 W
SRR5857565,42.8748 N 79.4526 W
SRR5857566,42.8680 N 79.3659 W
SRR5857567,43.1628 N 79.8865 W
SRR5857568,43.1162 N 79.2121 W
SRR5857569,43.1342 N 79.7553 W
SRR5857570,43.0838 N 79.4748 W
SRR5857571,42.8763 N 79.0199 W
SRR5857572,43.1033 N 79.2112 W
SRR5857573,43.0339 N 79.0481 W
SRR5857574,42.8733 N 79.2045 W
SRR5857575,43.2336 N 79.1633 W
SRR5857576,43.1250 N 79.0813 W
SRR5857577,43.1120 N 79.1756 W
SRR5857578,43.2573 N 79.0866 W
SRR5857579,43.2251 N 79.1827 W
SRR5857580,43.1983 N 79.2647 W
SRR5857581,43.1717 N 79.3363 W
SRR5857582,42.9725 N 79.0184 W
SRR5857583,42.9460 N 79.0683 W
SRR5857584,43.0731 N 79.3093 W
SRR5857585,42.9974 N 79.0409 W
SRR5857586,42.8638 N 79.3862 W
SRR5857587,43.1120 N 79.1756 W
SRR5857588,43.1033 N 79.2112 W
SRR5857589,42.8638 N 79.3862 W
SRR5857590,42.8754 N 79.4299 W
SRR5857591,42.8744 N 79.4289 W
SRR5857592,42.8722 N 79.4272 W
SRR5857593,42.9180 N 78.9714 W
SRR5857594,42.9309 N 78.9375 W
SRR5857595,42.8721 N 79.2181 W
SRR5857596,43.1997 N 79.5572 W
SRR5857597,42.8760 N 79.2804 W
SRR5857598,43.1635 N 79.3156 W
SRR5857599,42.8748 N 79.4526 W
SRR5857600,42.8680 N 79.3659 W
SRR5857601,43.1717 N 79.3363 W
SRR5857602,43.0482 N 79.7423 W
SRR5857603,43.1113 N 79.8815 W
SRR5857604,43.1601 N 79.9312 W
SRR5857605,43.0339 N 79.0481 W
SRR5857606,43.0920 N 79.2617 W
SRR5857607,42.8181 N 79.0961 W
SRR5857608,42.8733 N 79.2045 W
SRR5857609,43.1033 N 79.2112 W
SRR5857610,42.8763 N 79.0199 W
SRR5857611,43.1613 N 79.9368 W
SRR5857612,43.1707 N 79.9474 W
SRR5857613,43.1333 N 79.3835 W
SRR5857614,42.9477 N 79.3783 W
SRR5857615,43.1537 N 79.3346 W
SRR5857616,43.1519 N 79.3745 W
SRR5857617,42.8638 N 79.3862 W
SRR5857618,43.0393 N 79.0821 W
SRR5857619,42.8744 N 79.4289 W
SRR5857620,42.8754 N 79.4299 W
SRR5857621,42.8723 N 79.4188 W
SRR5857622,42.8722 N 79.4272 W
SRR5857623,43.2043 N 79.2669 W
SRR5857624,42.8698 N 79.3981 W
SRR5857625,43.2047 N 79.2660 W
SRR5857626,43.2052 N 79.2648 W
SRR5857627,42.8754 N 79.4299 W
SRR5857628,43.1913 N 79.8989 W
SRR5857629,42.8638 N 79.3862 W
SRR5857630,42.8754 N 79.4299 W
SRR5857631,43.0875 N 79.2920 W
SRR5857632,43.1150 N 79.2748 W
SRR5857633,43.0622 N 79.2936 W
SRR5857634,43.0873 N 79.2916 W
SRR5857635,43.1997 N 79.5572 W
SRR5857636,43.1635 N 79.3156 W
SRR5857637,43.0920 N 79.2617 W
SRR5857638,43.0339 N 79.0481 W
SRR5857639,42.9885 N 79.2663 W
SRR5857640,42.9803 N 79.2853 W
SRR5857641,42.9698 N 79.0481 W
SRR5857642,42.8723 N 79.4188 W
SRR5857643,42.8723 N 79.4188 W
SRR5857644,42.9725 N 79.0184 W
SRR5857645,43.0056 N 79.4823 W
SRR5857646,43.0646 N 79.7947 W
SRR5857647,42.9910 N 79.6773 W
SRR5857648,42.9806 N 79.5623 W
SRR5857649,42.8722 N 79.4272 W
SRR5857650,43.0274 N 79.6322 W
SRR5857651,43.0075 N 79.1120 W
SRR5857652,43.1120 N 79.4216 W
SRR5857653,43.1537 N 79.3346 W
SRR5857654,43.1142 N 79.1396 W
SRR5857655,43.1913 N 79.8989 W
SRR5857656,43.2537 N 79.0955 W
SRR5857657,43.2052 N 79.2648 W
SRR5857658,43.2043 N 79.2669 W
SRR5857659,43.0287 N 79.2110 W
SRR5857660,43.2047 N 79.2660 W
SRR5857661,42.9848 N 79.2728 W
SRR5857662,42.9947 N 79.2501 W
SRR5857663,42.8733 N 79.2045 W
SRR5857664,42.8763 N 79.0199 W
SRR5857665,43.0920 N 79.2617 W
SRR5857666,43.0339 N 79.0481 W
SRR5857667,42.8722 N 79.4272 W
SRR5857668,42.8744 N 79.4289 W
SRR5857669,42.9910 N 79.6773 W
SRR5857670,42.9806 N 79.5623 W
SRR5857671,42.8744 N 79.4289 W
SRR5857672,42.8754 N 79.4299 W
SRR5857673,42.8723 N 79.4188 W
SRR5857674,42.8722 N 79.4272 W
SRR5857675,43.2052 N 79.2648 W
SRR5857676,43.2043 N 79.2669 W
SRR5857677,42.8638 N 79.3862 W
SRR5857678,43.2047 N 79.2660 W
SRR5857679,42.8698 N 79.3981 W
SRR5857680,42.8723 N 79.4188 W
SRR5857681,43.2047 N 79.2660 W
SRR5857682,43.1519 N 79.3745 W
SRR5857683,43.1333 N 79.3835 W
SRR5857684,43.2052 N 79.2648 W
SRR5857685,43.0575 N 79.2858 W
SRR5857686,43.0622 N 79.2936 W
SRR5857687,43.0638 N 79.2749 W
SRR5857688,43.0875 N 79.2920 W
SRR5857689,42.8722 N 79.4272 W
SRR5857690,43.0920 N 79.2617 W
SRR5857691,43.1150 N 79.2748 W
SRR5857692,42.9744 N 79.4289 W
SRR5857693,43.0646 N 79.7947 W
SRR5857694,43.0746 N 79.8080 W
SRR5857695,43.0482 N 79.7423 W
SRR5857696,43.1120 N 79.1756 W
SRR5857697,42.9720 N 79.3177 W
SRR5857698,42.9848 N 79.2728 W
SRR5857699,42.9947 N 79.2501 W
SRR5857700,43.0287 N 79.2110 W
SRR5857701,43.0462 N 79.1230 W
SRR5857702,43.1874 N 79.9597 W
SRR5857703,43.0689 N 79.7805 W
SRR5857704,43.0125 N 79.2370 W
SRR5857705,43.0746 N 79.8080 W
SRR5857706,43.2052 N 79.2648 W
SRR5857707,43.2043 N 79.2669 W
SRR5857708,42.8721 N 79.2181 W
SRR5857709,43.2047 N 79.2660 W
SRR5857710,43.2162 N 79.2121 W
SRR5857711,43.1142 N 79.1396 W
SRR5857712,42.8698 N 79.3981 W
SRR5857713,42.8723 N 79.4188 W
SRR5857714,43.0745 N 79.5250 W
SRR5857715,43.0274 N 79.6322 W
SRR5857716,42.8754 N 79.4299 W
SRR5857717,42.8648 N 79.3872 W
SRR5857718,43.1268 N 79.3959 W
SRR5857719,43.2532 N 79.1259 W
SRR5857720,43.0393 N 79.0821 W
SRR5857721,43.0414 N 79.1230 W
SRR5857722,43.0731 N 79.3093 W
SRR5857723,43.0638 N 79.2749 W
SRR5857724,43.0622 N 79.2936 W
SRR5857725,43.0873 N 79.2916 W
SRR5857726,43.0838 N 79.4748 W
SRR5857727,43.1333 N 79.3835 W
SRR5857728,43.1519 N 79.3745 W
SRR5857729,43.0575 N 79.2858 W
SRR5857730,43.0875 N 79.2920 W
SRR5857731,43.1150 N 79.2748 W
SRR5857732,43.2537 N 79.0955 W
SRR5857733,43.2162 N 79.2121 W
SRR5857734,43.1142 N 79.1396 W
SRR5857735,43.1537 N 79.3346 W
SRR5857736,43.1120 N 79.1756 W
SRR5857737,43.0075 N 79.1120 W
SRR5857738,43.0274 N 79.6322 W
SRR5857739,43.0745 N 79.5250 W
SRR5857740,42.9806 N 79.5623 W
SRR5857741,42.9910 N 79.6773 W
SRR5857742,42.9477 N 79.3783 W
SRR5857743,42.9460 N 79.0683 W
SRR5857744,43.1638 N 79.3962 W
SRR5857745,42.8754 N 79.4299 W
SRR5857746,42.8733 N 79.2045 W
SRR5857747,42.8643 N 79.3869 W
SRR5857748,43.1033 N 79.2112 W
SRR5857749,42.8763 N 79.0199 W
SRR5857750,43.2573 N 79.0866 W
SRR5857751,43.1120 N 79.1756 W
SRR5857752,43.0500 N 79.1326 W
SRR5857753,43.1156 N 79.5665 W
SRR5857754,42.9551 N 79.0159 W
SRR5857755,43.2211 N 79.2258 W
SRR5857756,43.1897 N 79.4969 W
SRR5857757,42.9974 N 79.0409 W
SRR5857758,43.1150 N 79.2748 W
SRR5857759,43.0875 N 79.2920 W
SRR5857760,43.1250 N 79.0813 W
SRR5857761,43.0873 N 79.2916 W
SRR5857762,43.1250 N 79.0813 W
SRR5857763,43.2162 N 79.2321 W
SRR5857764,42.8754 N 79.4299 W
SRR5857765,42.8744 N 79.4289 W
SRR5857766,43.0622 N 79.2936 W
SRR5857767,42.8638 N 79.3862 W
SRR5857768,43.1156 N 79.5665 W
SRR5857769,42.9551 N 79.0159 W
SRR5857770,43.2211 N 79.2258 W
SRR5857771,43.1897 N 79.4969 W
SRR5857772,43.2336 N 79.1633 W
SRR5857773,43.2251 N 79.1827 W
SRR5857774,43.1983 N 79.2647 W
SRR5857775,43.0500 N 79.1326 W
SRR5857776,42.9974 N 79.0409 W
SRR5857777,42.9477 N 79.3783 W
SRR5857778,43.1997 N 79.5572 W
SRR5857779,42.9180 N 78.9714 W
SRR5857780,43.0482 N 79.7423 W
SRR5857781,43.1635 N 79.3156 W
SRR5857782,42.9885 N 79.2663 W
SRR5857783,43.1717 N 79.3363 W
SRR5857784,43.1983 N 79.2647 W
SRR5857785,42.9803 N 79.2853 W
SRR5857786,43.2336 N 79.1633 W
SRR5857787,43.2251 N 79.1827 W
SRR5857788,43.1628 N 79.8865 W
SRR5857789,42.8723 N 79.4188 W
SRR5857790,42.8698 N 79.3981 W
SRR5857791,43.0745 N 79.5250 W
SRR5857792,43.2336 N 79.1633 W
SRR5857793,43.2573 N 79.0866 W
SRR5857794,43.0056 N 79.4823 W
SRR5857795,42.9803 N 79.2853 W
SRR5857796,42.9885 N 79.2663 W
SRR5857797,43.1717 N 79.3363 W
SRR5857798,43.0482 N 79.7423 W
SRR5857799,43.1635 N 79.3156 W
SRR5857800,43.1997 N 79.5572 W
SRR5857801,42.9180 N 78.9714 W
SRR5857802,42.9309 N 78.9375 W
SRR5857803,43.2532 N 79.1259 W
SRR5857804,43.1601 N 79.9312 W
SRR5857805,43.1113 N 79.8815 W
SRR5857806,43.0746 N 79.8080 W
SRR5857807,42.8748 N 79.4526 W
SRR5857808,43.0056 N 79.4823 W
SRR5857809,43.0646 N 79.7947 W
SRR5857810,42.8760 N 79.2804 W
SRR5857811,42.8680 N 79.3659 W
SRR5857812,42.9885 N 79.2663 W
SRR5857813,42.9803 N 79.2853 W
SRR5857814,43.0462 N 79.1230 W
SRR5857815,43.1874 N 79.9597 W
SRR5857816,43.0689 N 79.7805 W
SRR5857817,43.0125 N 79.2370 W
SRR5857818,43.0998 N 79.8132 W
SRR5857819,43.1613 N 79.9368 W
SRR5857820,43.1120 N 79.4216 W
SRR5857821,43.1537 N 79.3346 W
SRR5857822,43.1142 N 79.1396 W
SRR5857823,42.9910 N 79.6773 W
SRR5857824,43.1913 N 79.8989 W
SRR5857825,43.2537 N 79.0955 W
SRR5857826,43.2043 N 79.2669 W
SRR5857827,43.0075 N 79.1120 W
SRR5857828,42.9806 N 79.5623 W
SRR5857829,43.1342 N 79.7453 W
SRR5857830,43.1628 N 79.8865 W
SRR5857831,43.0393 N 79.0821 W
SRR5857832,43.0414 N 79.1230 W
SRR5857833,43.1997 N 79.5572 W
SRR5857834,43.1635 N 79.3156 W
SRR5857835,43.0482 N 79.7423 W
SRR5857836,43.1717 N 79.3363 W
SRR5857837,43.1268 N 79.3959 W
SRR5857838,43.2532 N 79.1259 W
SRR5857839,42.9309 N 78.9375 W
SRR5857840,42.9180 N 78.9714 W
SRR5857841,42.9180 N 78.9714 W
SRR5857842,42.9309 N 78.9375 W
SRR5857843,43.2047 N 79.2660 W
SRR5857844,43.2052 N 79.2648 W
SRR5857845,43.2143 N 79.2769 W
SRR5857846,42.8698 N 79.3981 W
SRR5857847,42.8722 N 79.4272 W
SRR5857848,42.8744 N 79.4289 W
SRR5857849,43.0838 N 79.4748 W
SRR5857850,43.1342 N 79.7453 W
SRR5857851,43.1628 N 79.8865 W
SRR5857852,43.1913 N 79.8989 W
SRR5857853,43.2537 N 79.0955 W
SRR5857854,43.0075 N 79.1120 W
SRR5857855,43.1213 N 79.8815 W
SRR5857856,43.1601 N 79.9312 W
SRR5857857,43.1613 N 79.9368 W
SRR5857858,43.1707 N 79.9474 W
SRR5857859,42.8722 N 79.4272 W
SRR5857860,42.8744 N 79.4289 W
SRR5857861,42.8754 N 79.4299 W
SRR5857862,42.8638 N 79.3862 W
SRR5857863,43.2052 N 79.2648 W
SRR5857864,43.2043 N 79.2669 W
SRR5857865,42.8698 N 79.3981 W
SRR5857866,42.8723 N 79.4188 W
SRR5857867,43.2047 N 79.2660 W
SRR5857868,43.2043 N 79.2669 W
SRR5857869,43.0287 N 79.2110 W
SRR5857870,42.9947 N 79.2501 W
SRR5857871,42.9848 N 79.2728 W
SRR5857872,42.9720 N 79.3177 W
SRR5857873,42.9968 N 79.5662 W
SRR5857874,43.0213 N 79.6177 W
SRR5857875,43.0998 N 79.8132 W
SRR5857876,43.1133 N 79.8815 W
SRR5857877,43.1874 N 79.9597 W
SRR5857878,43.0462 N 79.1230 W
SRR5468149,77.605 S 163.1630 E
SRR5457263,41.2451 N 76.9856 W
SRR5457262,41.2451 N 76.9856 W
SRR5433230,46.238518 N 6.293545 E
SRR5432931,46.238518 N 6.293545 E
SRR5432762,46.238518 N 6.293545 E
SRR5429806,39.02 N 76.16 W
SRR5429805,39.02 N 76.16 W
SRR5429799,38.08 N 75.92 W
SRR5429798,39.02 N 76.16 W
SRR5429797,39.02 N 76.16 W
SRR5429792,38.08 N 75.92 W
SRR5429791,38.08 N 75.92 W
SRR5429790,38.08 N 75.92 W
SRR5429784,38.08 N 75.92 W
SRR5429783,38.08 N 75.92 W
SRR5429782,38.08 N 75.92 W
SRR5338504,39.14 N 0.65 W
SRR5278612,39.7255 N 20.615 E
SRR5278611,39.7190 N 20.604 E
SRR5278610,39.7127 N 20.814 E
SRR5278609,39.7255 N 20.615 E
SRR5278608,39.7190 N 20.604 E
SRR5278607,39.7127 N 20.814 E
SRR5273183,44.376 N 110.69 W
SRR5273182,44.376 N 110.69 W
SRR5260500,43.1998 N 86.5698 W
SRR5260499,43.1998 N 86.5698 W
SRR5260498,43.1998 N 86.5698 W
SRR5260496,43.1998 N 86.5698 W
SRR5260495,43.1998 N 86.5698 W
SRR5260494,43.1998 N 86.5698 W
SRR5260448,43.1998 N 86.5698 W
SRR5260447,43.1998 N 86.5698 W
SRR5260446,43.1998 N 86.5698 W
SRR5227751,41.709 N 83.250 W
SRR5225748,41.709 N 83.250 W
SRR5214709,1.7800 S 29.2000 E
SRR5214704,2.0288 S 29.1756 E
SRR5214703,2.0288 S 29.1756 E
SRR5211163,45.4091 N 72.0994 W
SRR5211153,46.8319 N 72.5 W
SRR2179960,44.99 N 73.11 W
SRR2179959,44.99 N 73.11 W
SRR2179958,44.99 N 73.11 W
SRR2179957,44.99 N 73.11 W
SRR2179956,44.99 N 73.11 W
SRR2179955,44.99 N 73.11 W
SRR2179953,44.99 N 73.11 W
SRR2179954,44.99 N 73.11 W
SRR4754863,47.070833 N 8.316333 E
SRR4754862,47.070833 N 8.316333 E
SRR4754861,47.0925 N 8.48910 E
SRR4754860,47.070833 N 8.316333 E
SRR4754859,47.0925 N 8.4891 E
SRR4754858,47.0925 N 8.4891 E
SRR4447895,36.01102240752391 N 83.9738692715764 W
SRR4447894,36.01053233645578 N 83.9733961969614 W
SRR4198832,39.14 N 0.6499 W
SRR4198666,39.14 N 0.6499 W
SRR4071975,15.67 N 120.24 E
SRR4071973,15.67 N 120.24 E
SRR4029424,46.041 N 89.686 W
SRR4029423,46.041 N 89.686 W
SRR4029421,46.041 N 89.686 W
SRR4029420,46.041 N 89.686 W
SRR4029419,46.041 N 89.686 W
SRR4029415,46.041 N 89.686 W
SRR4029414,46.041 N 89.686 W
SRR4029412,46.041 N 89.686 W
SRR4029410,46.041 N 89.686 W
SRR4029408,46.041 N 89.686 W
SRR4029407,46.041 N 89.686 W
SRR4029405,46.041 N 89.686 W
SRR4029403,46.041 N 89.686 W
SRR4029402,46.041 N 89.686 W
SRR4029401,46.041 N 89.686 W
SRR4029400,46.041 N 89.686 W
SRR4029398,46.041 N 89.686 W
SRR4029396,46.041 N 89.686 W
SRR4029395,46.041 N 89.686 W
SRR4029393,46.041 N 89.686 W
SRR4029392,46.041 N 89.686 W
SRR4029390,46.041 N 89.686 W
SRR4029389,46.041 N 89.686 W
SRR4029387,46.041 N 89.686 W
SRR4029386,46.041 N 89.686 W
SRR4029385,46.041 N 89.686 W
SRR4029380,46.041 N 89.686 W
SRR4029377,46.041 N 89.686 W
SRR4029376,46.041 N 89.686 W
SRR4029375,46.041 N 89.686 W
SRR4029374,46.041 N 89.686 W
SRR4029373,46.041 N 89.686 W
SRR4029372,46.041 N 89.686 W
SRR4029370,46.041 N 89.686 W
SRR4029369,46.041 N 89.686 W
SRR4029365,46.041 N 89.686 W
SRR4029364,46.041 N 89.686 W
SRR4029361,46.041 N 89.686 W
SRR4029360,46.041 N 89.686 W
SRR4029359,46.041 N 89.686 W
SRR4029124,46.041 N 89.686 W
SRR4029123,46.041 N 89.686 W
SRR4029121,46.041 N 89.686 W
SRR4029120,46.041 N 89.686 W
SRR4029119,46.041 N 89.686 W
SRR4029118,46.041 N 89.686 W
SRR4029116,46.041 N 89.686 W
SRR4029115,46.041 N 89.686 W
SRR4029114,46.041 N 89.686 W
SRR4029113,46.041 N 89.686 W
SRR4029112,46.041 N 89.686 W
SRR4029110,46.041 N 89.686 W
SRR4029087,46.041 N 89.686 W
SRR4029086,46.041 N 89.686 W
SRR4029085,46.041 N 89.686 W
SRR4029084,46.041 N 89.686 W
SRR4029083,46.041 N 89.686 W
SRR4029082,46.041 N 89.686 W
SRR4029081,46.041 N 89.686 W
SRR4029080,46.041 N 89.686 W
SRR4029076,46.041 N 89.686 W
SRR4029074,46.041 N 89.686 W
SRR4029064,46.041 N 89.686 W
SRR4029063,46.041 N 89.686 W
SRR4029061,46.041 N 89.686 W
SRR4023065,78.445169 S 106.870651 E
SRR4023064,78.445169 S 106.870651 E
SRR4018513,42.8638 N 79.3862 W
SRR4018512,42.8638 N 79.3862 W
SRR4018511,43.2043 N 79.2669 W
SRR4018510,43.2043 N 79.2669 W
SRR4018509,42.8723 N 79.4187 W
SRR4018508,42.8698 N 79.3982 W
SRR4018507,42.8746 N 79.2323 W
SRR4018506,42.8746 N 79.2323 W
SRR4018505,42.8723 N 79.4187 W
SRR4018504,43.2052 N 79.2648 W
SRR4018503,43.2052 N 79.2648 W
SRR4018502,43.2047 N 79.266 W
SRR4018501,43.2047 N 79.266 W
SRR4018500,43.2043 N 79.2669 W
SRR4018499,43.2043 N 79.2669 W
SRR4018498,42.8722 N 79.4272 W
SRR4018497,42.8722 N 79.4272 W
SRR4018496,42.8723 N 79.4188 W
SRR4018495,42.8723 N 79.4187 W
SRR4018494,42.8698 N 79.3982 W
SRR4018493,42.8698 N 79.3981 W
SRR4018492,42.8698 N 79.3982 W
SRR4018491,42.8638 N 79.3862 W
SRR4018490,42.8638 N 79.3862 W
SRR4018489,43.2247 N 79.6183 W
SRR4018488,43.2247 N 79.6183 W
SRR4018487,42.8698 N 79.3982 W
SRR4018486,42.8698 N 79.3982 W
SRR4018485,42.8723 N 79.4187 W
SRR4018484,42.8723 N 79.4187 W
SRR4018483,43.2047 N 79.266 W
SRR4018482,43.2047 N 79.266 W
SRR3932153,6.841715565434579 S 37.77246057987213 E
SRR1173821,38.5355 N 0.2663 W
SRR3657441,61.208142 N 25.113609 E
SRR3657440,61.208142 N 25.113609 E
SRR3657439,61.208142 N 25.113609 E
SRR3657438,61.208142 N 25.113609 E
SRR3657437,61.208142 N 25.113609 E
SRR3657436,61.208142 N 25.113609 E
SRR3657435,61.208142 N 25.113609 E
SRR3657434,61.208142 N 25.113609 E
SRR3657433,61.208142 N 25.113609 E
SRR3657432,61.208142 N 25.113609 E
SRR3657431,61.208142 N 25.113609 E
SRR3657430,61.208142 N 25.113609 E
SRR3657429,61.208142 N 25.113609 E
SRR3571355,34.15 N 83.57 W
SRR3571354,34.15 N 83.57 W
SRR3571293,34.15 N 83.57 W
SRR3571025,34.15 N 83.57 W
SRR3570947,34.15 N 83.57 W
SRR3569810,34.15 N 83.57 W
SRR3569624,34.15 N 83.57 W
SRR3569558,34.15 N 83.57 W
SRR3569349,34.15 N 83.57 W
SRR3569300,34.15 N 83.57 W
SRR3568955,34.15 N 83.57 W
SRR3568916,34.15 N 83.57 W
SRR3476747,23.04 N 113.41 E
SRR3184724,43.92 N 122.81 W
SRR3184721,43.92 N 122.81 W
SRR3184722,43.92 N 122.81 W
SRR3184720,43.92 N 122.81 W
SRR3184719,43.92 N 122.81 W
SRR3184718,43.92 N 122.81 W
SRR3184717,43.92 N 122.81 W
SRR3184716,43.92 N 122.81 W
SRR3184715,43.92 N 122.81 W
SRR3184714,43.92 N 122.81 W
SRR3184713,43.92 N 122.81 W
SRR3184712,43.92 N 122.81 W
SRR3184711,43.92 N 122.81 W
SRR3184710,43.92 N 122.81 W
SRR3184709,43.92 N 122.81 W
SRR3184708,43.92 N 122.81 W
SRR3184707,43.92 N 122.81 W
SRR3184745,42.23 N 121.52 W
SRR3184744,41.93 N 122.44 W
SRR3184743,41.93 N 122.44 W
SRR3184741,41.93 N 122.44 W
SRR3184740,41.93 N 122.44 W
SRR3184739,41.93 N 122.44 W
SRR3184738,41.93 N 122.44 W
SRR3184737,41.97 N 122.30 W
SRR3184736,41.97 N 122.30 W
SRR3184732,29.96 N 95.15 W
SRR3184731,29.96 N 95.15 W
SRR3184730,29.96 N 95.15 W
SRR3184706,29.96 N 95.15 W
SRR3184705,29.96 N 95.15 W
SRR3184704,29.96 N 95.15 W
SRR3098779,39.7190 N 20.604 E
SRR3098776,39.5774 N 20.2547 E
SRR3098775,39.5886 N 20.1382 E
SRR3098772,39.7190 N 20.604 E
SRR3098769,39.5774 N 20.2547 E
SRR3098767,39.5886 N 20.1382 E
SRR3098764,39.7190 N 20.604 E
SRR3098759,39.5774 N 20.2547 E
SRR3098756,39.5886 N 20.1382 E
SRR2939624,48.0177052 N 122.8023445 W
SRR1586416,40.647955 N 0.738702 W
SRR2380339,41.9668 N 87.6370 W
SRR1582366,32.03 N 118.43 E