ID,Latitude,Longitude,Includes_organism
SRR2083509,43.2,-79.27,no
SRR2083504,43.2,-79.27,no
SRR2083231,43.2,-79.27,no
SRR2083230,43.21,-79.26,no
SRR2083227,43.2,-79.27,no
SRR2083225,43.26,-79.07,no
SRR2083224,43.22,-79.62,no
SRR2083223,42.86,-79.39,no
SRR2083222,42.87,-79.4,no
SRR2083221,42.87,-79.42,no
SRR2083220,42.87,-79.4,no
SRR2083219,42.87,-79.23,no
SRR2083218,42.87,-79.43,no
SRR2083217,43.2,-79.27,no
SRR2083216,43.26,-79.07,no
SRR2083215,43.22,-79.62,no
SRR2083214,42.87,-79.4,no
SRR2083213,42.87,-79.23,no
SRR2016484,44.90415,-93.190417,no
SRR2016482,44.90415,-93.190417,yes
SRR1994395,31.27,120.26,no
SRR1972501,31.27,120.26,no
SRR1917538,40.968,-124.226,no
SRR1582517,40.013,116.385,no
SRR1582516,40.013,116.385,no
SRR1582515,40.013,116.385,no
SRR1582514,40.013,116.385,no
SRR1582512,40.014,116.38,no
SRR1582511,40.017,116.379,no
SRR1582510,40.017,116.379,no
SRR1582509,40.015,116.39,no
SRR1582508,40.013,116.388,no
SRR1582507,40.013,116.385,no
SRR1582506,40.012,116.383,no
SRR1582501,40.012,116.381,no
SRR1582500,40.012,116.381,no
SRR1581195,40.013,116.385,no
SRR1581191,40.013,116.385,no
SRR1581188,40.013,116.385,no
SRR1523359,33.049631,-117.291353,no
SRR1523356,33.049631,-117.291353,no
SRR1523360,33.049631,-117.291353,no
SRR1173877,38.5355,-0.2663,no
SRR1169884,44.3144,-91.996,no
SRR1169883,43.8567,-91.3033,no
SRR1169882,44.5669,-92.5377,no
SRR1169878,44.7488,-92.8057,yes
SRR1169874,44.7458,-92.8502,no
SRR1169873,44.9179,-93.129,no
SRR1169871,44.8856,-93.1741,no
SRR1169870,44.9042,-93.1904,no
SRR1169861,45.4195,-94.0422,no
SRR1169860,45.5476,-94.1455,no
SRR1169859,47.3473,-95.1825,yes
SRR1044925,44.917867,-93.128967,no
SRR1044924,44.917867,-93.128967,no
SRR1044687,44.917867,-93.128967,no
SRR1044686,44.917867,-93.128967,no
SRR1044685,44.917867,-93.128967,no
SRR1044684,44.917867,-93.128967,no
SRR1044683,44.917867,-93.128967,no
SRR1044682,44.917867,-93.128967,no
SRR1044681,44.917867,-93.128967,no
SRR1044679,44.917867,-93.128967,no
SRR1044678,44.917867,-93.128967,no
SRR1044677,44.917867,-93.128967,no
SRR1039498,44.917867,-93.128967,no
SRR1039496,44.917867,-93.128967,no
SRR1039494,44.917867,-93.128967,no
SRR1039491,44.917867,-93.128967,no
SRR1039490,44.917867,-93.128967,no
SRR1039488,44.917867,-93.128967,no
SRR1039486,44.917867,-93.128967,no
SRR1039484,44.917867,-93.128967,no
SRR1039483,44.917867,-93.128967,no
SRR1039482,44.917867,-93.128967,no
SRR1039480,44.917867,-93.128967,no
SRR1039479,44.917867,-93.128967,no
SRR1039478,44.917867,-93.128967,no
SRR947737,34.261117,-83.950069,yes
SRR14576896,30.46,120.12,no
SRR14576897,30.46,120.13,no
SRR14576898,30.46,120.13,no
SRR14576899,30.46,120.12,no
SRR14576900,30.46,120.12,no
SRR14576901,30.46,120.12,no
SRR14576902,30.46,120.13,no
SRR14576903,30.46,120.13,no
SRR14576904,30.46,120.12,no
SRR14576905,30.46,120.12,no
SRR14576906,30.46,120.12,no
SRR14576907,30.46,120.12,no
SRR14576908,30.46,120.12,no
SRR14576909,30.46,120.12,no
SRR14576910,30.46,120.12,no
SRR14576911,30.46,120.12,no
SRR14576912,30.46,120.13,no
SRR14576913,30.46,120.13,no
SRR14576914,30.46,120.12,no
SRR14576915,30.46,120.12,no
SRR14576916,30.46,120.12,no
SRR14576917,30.46,120.12,no
SRR14576918,30.46,120.13,no
SRR14576919,30.46,120.13,no
SRR14576920,30.46,120.13,no
SRR14576921,30.46,120.12,no
SRR14576922,30.46,120.12,no
SRR14576923,30.46,120.12,no
SRR14576924,30.46,120.12,no
SRR14576925,30.46,120.13,no
SRR14576926,30.46,120.13,no
SRR14576927,30.46,120.12,no
SRR14576928,30.46,120.12,no
SRR14576929,30.46,120.12,no
SRR14576930,30.46,120.13,no
SRR14576931,30.46,120.12,no
SRR14371733,41.91,-83.21,no
SRR14371734,41.76,-83.32,no
SRR14333789,41.7025,-83.2547,no
SRR14333790,41.7025,-83.2547,no
SRR14333791,41.7343,-83.3023,no
SRR14333792,41.7343,-83.3023,no
SRR14333793,41.7404662744343,-83.2993922637013,no
SRR14332019,41.7752798990724,-83.3431548762416,no
SRR14332020,41.7636,-83.3306,no
SRR14332021,41.7636,-83.3306,no
SRR14332022,41.83262,-83.35813,no
SRR14332023,41.83262,-83.35813,no
SRR14332024,41.833835,-83.27891,no
SRR14332025,41.833835,-83.27891,no
SRR14332026,41.793906,-83.133142,no
SRR14332027,41.743940917389,-83.1359709171918,no
SRR14332028,41.793906,-83.133142,no
SRR14332029,41.7347,-83.3059,no
SRR14332030,41.7347,-83.3059,no
SRR14332031,41.7344,-83.3005,no
SRR14332032,41.7344,-83.3005,no
SRR14332033,41.7311,-83.2988,no
SRR14332034,41.7311,-83.2988,no
SRR14332035,41.8242,-83.3094,no
SRR14332036,41.8242,-83.3094,no
SRR14332037,41.8337,-83.1839,no
SRR14332038,41.7404662744343,-83.2993922637013,no
SRR14332039,41.8337,-83.1839,no
SRR14332040,41.7346,-83.2967,no
SRR14332041,41.7346,-83.2967,no
SRR14332042,41.7345,-83.3009,no
SRR14332043,41.7345,-83.3009,no
SRR14332044,41.739167,-83.302683,no
SRR14332045,41.739167,-83.302683,no
SRR14332046,41.740767,-83.30555,no
SRR14332047,41.740767,-83.30555,no
SRR14332049,41.7360136917041,-83.3035882160197,no
SRR14332050,41.7360136917041,-83.3035882160197,no
SRR14332051,41.7024861421279,-83.2553651217802,no
SRR14332052,41.7024861421279,-83.2553651217802,no
SRR14332053,41.7376466850762,-83.3029670351321,no
SRR14332054,41.7376466850762,-83.3029670351321,no
SRR14332055,41.7752798990724,-83.3431548762416,no
SRR14309022,41.740570017061,-83.3054293134153,no
SRR14308729,41.8343088900365,-83.2782487430434,no
SRR14308730,41.8500471819944,-83.1943278216303,no
SRR14308731,41.7307472759595,-83.2973403578518,no
SRR14308732,41.740570017061,-83.3054293134153,no
SRR14308733,41.8500471819944,-83.1943278216303,no
SRR14308734,41.7931672603972,-83.1326903256534,no
SRR14308735,41.7931672603972,-83.1326903256534,no
SRR14308736,41.7354287366086,-83.305168566954,no
SRR14308737,41.7354287366086,-83.305168566954,no
SRR14308738,41.7353919305416,-83.2984918812941,no
SRR14308740,41.743940917389,-83.1359709171918,no
SRR14308741,41.7038618714297,-83.2556191934697,no
SRR14308742,41.7038618714297,-83.2556191934697,no
SRR14308743,41.7368703958466,-83.3007964904881,no
SRR14308744,41.7368703958466,-83.3007964904881,no
SRR14308745,41.7356662663123,-83.2998509698307,no
SRR14308746,41.7356662663123,-83.2998509698307,no
SRR14308747,41.7427394681466,-83.1368766153367,no
SRR14308748,41.7427394681466,-83.1368766153367,no
SRR14308749,41.734946321248,-83.3002480999798,no
SRR14308750,41.7307472759595,-83.2973403578518,no
SRR14308751,41.734946321248,-83.3002480999798,no
SRR14308752,41.7345139358975,-83.3008948955596,no
SRR14308753,41.7345139358975,-83.3008948955596,no
SRR14308754,41.7734850688172,-83.3441027104068,no
SRR14308755,41.7734850688172,-83.3441027104068,no
SRR14308756,41.8338712604238,-83.3577684318652,no
SRR14308757,41.8338712604238,-83.3577684318652,no
SRR14308758,41.8343088900365,-83.2782487430434,no
SRR14307622,27.96,120.71,no
SRR14307623,27.95,120.7,no
SRR14307624,28.02,120.65,no
SRR14307625,28.01,120.65,no
SRR14307626,27.96,120.71,no
SRR14307627,27.95,120.7,no
SRR14307628,28.02,120.65,no
SRR14307629,28.01,120.65,no
SRR14288954,41.7987035209042,-83.3439342131621,no
SRR14288955,41.7987035209042,-83.3439342131621,no
SRR14288956,41.8037327182961,-83.3610608248073,no
SRR14288957,41.8037327182961,-83.3610608248073,no
SRR14288958,41.8238070415945,-83.3084699099299,no
SRR14288959,41.8238070415945,-83.3084699099299,no
SRR14288960,41.8338006012053,-83.1803171866043,no
SRR14288961,41.8338006012053,-83.1803171866043,no
SRR14288962,41.7353919305416,-83.2984918812941,no
SRR14288963,41.7307472759595,-83.2973403578518,no
SRR14288964,41.7307472759595,-83.2973403578518,no
SRR14288965,41.7344275476807,-83.2963171872718,no
SRR14288966,41.7344275476807,-83.2963171872718,no
SRR14240538,45.1366,-82.9833,no
SRR14240539,43.6,-86.916667,no
SRR14240540,43.5966,-78.801,no
SRR14240541,47.6,-86.81778,no
SRR14240542,42.51666,-79.8933,no
SRR14240543,42.1166,-81.25,no
SRR13490363,42.711528,-86.705694,no
SRR13490370,42.711528,-86.705694,no
SRR13490378,42.690806,-86.253556,no
SRR13434395,38.923239,-106.950876,no
SRR13434396,38.923239,-106.950876,no
SRR13434397,38.923239,-106.950876,no
SRR13434398,38.923239,-106.950876,no
SRR13394436,34.99562,-98.68895,no
SRR13225447,39.52018,116.2053,no
SRR13225448,39.52072,116.2114,no
SRR13225449,39.52015,116.2125,no
SRR13225450,39.52089,116.2238,no
SRR13225451,39.52023,116.2278,no
SRR13225452,39.52048,116.2017,no
SRR13225453,39.52048,116.2017,no
SRR13225454,39.52098,116.2023,no
SRR13225455,39.52018,116.2053,no
SRR13225456,39.52072,116.2114,no
SRR13225457,39.52015,116.2125,no
SRR13225458,39.52089,116.2238,no
SRR13225459,39.52023,116.2278,no
SRR13225460,39.52048,116.2017,no
SRR13225461,39.52098,116.2023,no
SRR13225462,39.52098,116.2023,no
SRR13225463,39.52018,116.2053,no
SRR13225464,39.52072,116.2114,no
SRR13225465,39.52015,116.2125,no
SRR13225466,39.52089,116.2238,no
SRR13225467,39.52023,116.2278,no
SRR13225468,39.52048,116.2017,no
SRR13225469,39.52098,116.2023,no
SRR13225470,39.52018,116.2053,no
SRR13225471,39.52072,116.2114,no
SRR13225472,39.52015,116.2125,no
SRR13225473,39.52072,116.2114,no
SRR13225474,39.52089,116.2238,no
SRR13225475,39.52023,116.2278,no
SRR13225476,39.52048,116.2017,no
SRR13225477,39.52098,116.2023,no
SRR13225478,39.52018,116.2053,no
SRR13225479,39.52072,116.2114,no
SRR13225480,39.52089,116.2238,no
SRR13225481,39.52023,116.2278,no
SRR13225482,39.52048,116.2017,no
SRR13225483,39.52098,116.2023,no
SRR13225484,39.52089,116.2238,no
SRR13225485,39.52023,116.2278,no
SRR13224034,41.7,-83.07,no
SRR13224037,41.7,-83.07,no
SRR13224039,41.9,-83.22,no
SRR13224040,41.9,-83.22,no
SRR13224041,41.91,-83.21,no
SRR13224042,41.91,-83.2,no
SRR13224043,41.91,-83.2,no
SRR13224044,41.91,-83.2,no
SRR13224045,41.91,-83.2,no
SRR13224046,41.82,-83.21,no
SRR13224047,41.82,-83.21,no
SRR13224048,41.7,-83.07,no
SRR13224049,41.79,-83.23,no
SRR13224050,41.79,-83.23,no
SRR13224051,41.71,-83.27,no
SRR13224052,41.76,-83.32,no
SRR13224053,41.76,-83.32,no
SRR13224054,41.76,-83.32,no
SRR13224055,41.76,-83.3,no
SRR13224056,41.76,-83.3,no
SRR13224057,41.8,-83.37,no
SRR13224058,41.8,-83.37,no
SRR13224059,41.7,-83.07,no
SRR13224060,41.8,-83.36,no
SRR13224061,41.8,-83.36,no
SRR13224062,41.83,-83.35,no
SRR13224063,41.83,-83.35,no
SRR13224064,41.83,-83.35,no
SRR13224065,41.83,-83.35,no
SRR13224066,41.84,-83.19,no
SRR13224067,41.84,-83.19,no
SRR13224068,41.84,-83.17,no
SRR13224069,41.84,-83.17,no
SRR13224070,41.66,-83.1,no
SRR13224071,41.81,-83.26,no
SRR13224072,41.81,-83.26,no
SRR13224073,41.81,-83.26,no
SRR13224074,41.81,-83.26,no
SRR13224075,41.77,-83.34,no
SRR13224076,41.77,-83.34,no
SRR13224077,41.77,-83.33,no
SRR13224078,41.77,-83.33,no
SRR13224079,41.83,-83.35,no
SRR13224080,41.83,-83.35,no
SRR13224081,41.66,-83.1,no
SRR13224082,41.83,-83.33,no
SRR13224083,41.83,-83.33,no
SRR13224084,41.84,-83.24,no
SRR13224085,41.84,-83.24,no
SRR13224086,41.84,-83.24,no
SRR13224087,41.84,-83.24,no
SRR13224088,41.84,-83.24,no
SRR13224089,41.84,-83.24,no
SRR13224090,41.85,-83.19,no
SRR13224091,41.85,-83.19,no
SRR13224092,41.66,-83.1,no
SRR13224093,41.84,-83.26,no
SRR13224094,41.84,-83.26,no
SRR13224095,41.84,-83.26,no
SRR13224096,41.84,-83.26,no
SRR13224097,41.84,-83.26,no
SRR13224098,41.84,-83.26,no
SRR13224099,41.78,-83.16,no
SRR13224100,41.78,-83.16,no
SRR13224101,41.78,-83.16,no
SRR13224102,41.78,-83.16,no
SRR13224103,41.66,-83.1,no
SRR13224104,41.78,-83.15,no
SRR13224105,41.78,-83.15,no
SRR13224106,41.75,-83.13,no
SRR13224107,41.75,-83.13,no
SRR13224108,41.75,-83.13,no
SRR13224109,41.75,-83.13,no
SRR13224110,41.75,-83.12,no
SRR13224111,41.75,-83.12,no
SRR13224112,41.7,-83.07,no
SRR13224113,41.7,-83.07,no
SRR13163197,40.747596,-73.805517,no
SRR13163198,40.747596,-73.805517,no
ERR3856789,47.0925,8.4891,no
ERR3856788,47.0925,8.4891,no
ERR3856787,47.0925,8.4891,no
SRR13020435,37.2656,-118.2713,no
SRR13020431,37.2656,-118.2713,no
SRR12874343,43.17,-79.53,no
SRR12874344,43.17,-79.51,no
SRR12874345,43.17,-79.51,no
SRR12874346,43.17,-79.53,no
SRR12874347,43.17,-79.51,no
SRR12874348,43.17,-79.51,no
SRR12687952,36.4428,-116.8278,no
SRR12687782,36.4428,-116.8278,no
SRR12687664,36.4265,-116.3098,no
SRR12687606,36.4265,-116.3098,no
SRR12687343,36.4202,-116.323,no
SRR12687342,37.0233,-117.3845,no
SRR12687326,36.4202,-116.323,no
SRR12687280,36.4015,-116.2738,no
SRR12687059,36.4015,-116.2738,no
SRR12686701,37.0233,-117.3845,no
SRR12685683,46.87681,-91.22521,no
SRR12685684,46.87153,-91.10558,yes
SRR12685685,46.89501,-91.09353,yes
SRR12685686,46.94913,-91.10256,yes
SRR12685687,46.9443,-90.99678,yes
SRR12676966,49.66,-93.72,yes
SRR12676967,49.66,-93.75,yes
SRR12676971,49.7,-93.73,yes
SRR12676968,49.74,-93.83,no
SRR12676969,49.69,-93.69,no
SRR12676970,49.69,-93.69,yes
SRR12676972,49.69,-93.69,yes
SRR12676973,49.69,-93.69,yes
SRR12676974,49.69,-93.69,yes
SRR12676975,49.69,-93.69,yes
SRR12486991,37.304056,127.618611,yes
SRR12486992,37.304056,127.618611,yes
SRR12486994,37.304056,127.618611,yes
SRR12486995,35.364169,127.146461,yes
SRR12486997,35.364169,127.146461,yes
SRR12486998,35.610764,126.850397,yes
SRR12487000,35.610764,126.850397,yes
SRR12487001,35.927978,128.311344,yes
SRR12487002,37.141433,127.6271,yes
SRR12487004,35.927978,128.311344,no
SRR12487005,36.408139,128.261722,yes
SRR12487007,36.408139,128.261722,yes
SRR12487008,35.880608,127.032675,no
SRR12487010,35.880608,127.032675,yes
SRR12487011,35.921444,127.065972,yes
SRR12487012,35.921444,127.065972,yes
SRR12487015,35.921444,127.065972,yes
SRR12487016,35.921444,127.065972,yes
SRR12487017,35.921444,127.065972,no
SRR12487019,35.921444,127.065972,yes
SRR12487020,35.921444,127.065972,yes
SRR12487021,35.921444,127.065972,yes
SRR12487023,35.921444,127.065972,yes
SRR12487024,37.141433,127.6271,yes
SRR12487025,36.461306,127.095889,yes
SRR12487027,36.461306,127.095889,yes
SRR12487028,36.766103,127.443383,yes
SRR12487030,36.766103,127.443383,yes
SRR12487031,36.766103,127.443383,yes
SRR12487033,36.766103,127.443383,no
SRR12487034,37.806611,126.787083,yes
SRR12487035,36.969389,127.894244,yes
SRR12487037,37.806611,126.787083,yes
SRR12487038,37.449944,127.658194,yes
SRR12487040,37.449944,127.658194,yes
SRR12487041,37.304056,127.618611,yes
SRR12487043,37.304056,127.618611,yes
SRR12487044,37.304056,127.618611,yes
SRR12487047,36.969389,127.894244,yes
SRR12274735,26.61275,80.275278,no
SRR12274736,29.95625,78.170889,no
SRR12274737,30.1265,78.35375,no
SRR12274738,30.145417,78.597667,no
SRR12274739,30.145389,78.598917,no
SRR12274740,30.147,78.597611,no
SRR12274741,11.362944,77.742028,no
SRR12274742,12.426333,76.574611,no
SRR12274743,22.247705,76.147048,no
SRR12274744,22.763104,77.717161,no
SRR12274745,23.12259,79.818541,no
SRR12274746,22.700833,81.705278,no
SRR12274747,22.674661,81.758025,no
SRR12274748,26.885083,80.900783,no
SRR12274749,27.188717,80.80215,no
SRR12274750,27.350233,80.46025,no
SRR12274751,26.420361,80.422722,no
SRR12274752,12.384389,75.53325,no
SRR12274753,12.385389,75.491,no
SRR12261223,43.099,-89.405,yes
SRR12261224,43.099,-89.405,no
SRR12261225,43.099,-89.405,yes
SRR12261226,43.099,-89.405,yes
SRR12261227,43.099,-89.405,yes
SRR12053438,51.97525,105.34712,no
SRR12053439,51.97525,105.34712,no
SRR12053440,51.780108,104.91655,no
SRR12053441,51.780108,104.91655,no
SRR12053442,51.780108,104.91655,no
SRR12053443,51.780108,104.91655,no
SRR12042536,49.69,-93.69,no
SRR12042537,49.69,-93.69,no
SRR11430612,47.744011,9.15217,no
SRR11430613,44.0228,1.459364,no
SRR11430614,42.775875,-0.261183,no
SRR11430615,41.497325,0.512892,no
SRR11430616,37.048097,-3.368361,no
SRR11430617,46.965417,10.9448,no
SRR10688474,49.13,16.63,no
SRR10599098,31.0,117.0,no
SRR10599099,31.0,117.0,no
SRR10599100,31.0,117.0,no
SRR10599101,31.0,117.0,no
SRR10599102,31.0,117.0,no
SRR10599103,31.0,117.0,no
SRR10599104,31.0,117.0,no
SRR10599105,31.0,117.0,no
SRR10599106,31.0,117.0,no
SRR10599107,31.0,117.0,no
SRR10599108,31.0,117.0,no
SRR10599109,31.0,117.0,no
SRR10599110,31.0,117.0,no
SRR10599111,31.0,117.0,no
SRR10599112,31.0,117.0,no
SRR10599113,31.0,117.0,no
SRR10492803,36.78,100.0,no
SRR10132616,40.02722,116.3567,yes
SRR10132617,40.02694,116.3528,yes
SRR10132618,40.02639,116.3489,yes
SRR10132619,40.02778,116.3606,no
SRR10132620,40.02972,116.3722,no
SRR10132621,40.02917,116.3681,no
SRR10132623,40.02833,116.3642,no
SRR10132624,40.02722,116.3567,no
SRR10132625,40.02694,116.3528,no
SRR10132626,40.02639,116.3489,no
SRR10132627,40.02778,116.3606,yes
SRR10132628,40.02972,116.3722,no
SRR10132629,40.02917,116.3681,no
SRR10132630,40.02833,116.3642,no
SRR10132631,40.02722,116.3567,no
SRR10132632,40.02694,116.3528,no
SRR10132635,40.02639,116.3489,no
SRR10132636,40.02778,116.3606,no
SRR10132637,40.02972,116.3722,no
SRR10132638,40.02917,116.3681,no
SRR10132639,40.02833,116.3642,no
SRR10132640,40.02722,116.3567,yes
SRR10132641,40.02694,116.3528,yes
SRR10132642,40.02639,116.3489,no
SRR10132643,40.02778,116.3606,no
SRR10132644,40.02972,116.3722,no
SRR10132646,40.02917,116.3681,no
SRR10132647,40.02833,116.3642,no
SRR10132648,40.02722,116.3567,yes
SRR10132649,40.02694,116.3528,no
SRR10132650,40.02778,116.3606,no
SRR10132651,40.02917,116.3681,no
SRR10132652,40.02833,116.3642,no
SRR10132653,40.02722,116.3567,no
SRR10132654,40.02694,116.3528,no
SRR10132655,40.02917,116.3681,no
SRR10132657,40.02833,116.3642,no
SRR10132658,39.90611,116.5347,yes
SRR10132659,39.90667,116.5303,yes
SRR10132660,39.90722,116.5253,yes
SRR10132661,39.90528,116.54,no
SRR10132662,39.90639,116.5525,no
SRR10132663,39.90556,116.5478,yes
SRR10132664,39.90583,116.5436,yes
SRR10132665,39.90611,116.5347,no
SRR10132666,39.90667,116.5303,yes
SRR10132668,39.90722,116.5253,yes
SRR10132669,39.90528,116.54,no
SRR10132670,39.90639,116.5525,no
SRR10132671,39.90556,116.5478,no
SRR10132672,39.90583,116.5436,no
SRR10132673,39.90611,116.5347,yes
SRR10132674,39.90667,116.5303,no
SRR10132675,39.90722,116.5253,yes
SRR10132676,39.90528,116.54,no
SRR10132677,39.90639,116.5525,no
SRR10132679,39.90556,116.5478,no
SRR10132680,39.90583,116.5436,yes
SRR10132681,39.90611,116.5347,yes
SRR10132682,39.90667,116.5303,yes
SRR10132683,39.90722,116.5253,no
SRR10132684,39.90528,116.54,no
SRR10132685,39.90639,116.5525,yes
SRR10132686,39.90556,116.5478,yes
SRR10132687,39.90583,116.5436,yes
SRR10132688,39.90611,116.5347,yes
SRR10132690,39.90667,116.5303,yes
SRR10132691,39.90722,116.5253,yes
SRR10132692,39.90528,116.54,no
SRR10132693,39.90639,116.5525,no
SRR10132694,39.90556,116.5478,no
SRR10132695,39.90583,116.5436,yes
SRR10132696,39.90611,116.5347,no
SRR10132697,39.90667,116.5303,yes
SRR10132698,39.90528,116.54,no
SRR10132699,39.90556,116.5478,no
SRR10132701,39.90583,116.5436,no
SRR10131203,-20.0,-43.8,no
SRR10129838,40.37,115.79,no
SRR10129839,39.99,116.3,no
SRR10069935,-6.4021,-50.351,no
SRR10066347,81.0294,-81.644,no
SRR10066348,81.0294,-81.644,no
SRR10066349,81.0294,-81.644,no
SRR10066350,81.0294,-81.644,no
SRR10066351,81.0294,-81.644,no
SRR10066352,81.0294,-81.644,no
SRR10066353,81.0294,-81.644,no
SRR10066354,81.0294,-81.644,no
SRR10066355,81.0294,-81.644,no
SRR10036018,38.943062,-94.593613,yes
SRR10036019,38.903159,-94.578199,yes
SRR10036020,38.903159,-94.578199,yes
SRR10036021,39.119258,-94.476065,yes
SRR10036022,39.119258,-94.476065,yes
SRR10036023,39.119258,-94.476065,yes
SRR10036024,39.119097,-94.489562,yes
SRR10036025,38.939143,-94.561442,yes
SRR10036026,39.119097,-94.489562,yes
SRR10036027,39.119097,-94.489562,yes
SRR10036028,39.087112,-94.49946,yes
SRR10036029,39.087112,-94.49946,yes
SRR10036030,39.087112,-94.49946,yes
SRR10036031,39.017381,-94.521087,yes
SRR10036032,39.017381,-94.521087,yes
SRR10036033,39.017381,-94.521087,yes
SRR10036034,38.943062,-94.593613,yes
SRR10036035,38.943062,-94.593613,yes
SRR10036036,38.939143,-94.561442,yes
SRR10036037,38.932129,-94.61322,yes
SRR10036038,38.932129,-94.61322,yes
SRR10036039,38.932129,-94.61322,yes
SRR10036040,38.93085,-94.631627,yes
SRR10036041,38.93085,-94.631627,yes
SRR10036042,38.93085,-94.631627,yes
SRR10036043,38.922873,-94.625833,yes
SRR10036044,38.922873,-94.625833,yes
SRR10036045,38.922873,-94.625833,yes
SRR10036046,38.956451,-94.560134,yes
SRR10036047,38.9002091,-94.6489961,yes
SRR10036048,38.9002091,-94.6489961,yes
SRR10036049,38.9002091,-94.6489961,yes
SRR10036050,38.942513,-94.737143,yes
SRR10036051,38.942513,-94.737143,yes
SRR10036052,38.942513,-94.737143,yes
SRR10036053,38.900837,-94.739828,yes
SRR10036054,38.900837,-94.739828,yes
SRR10036055,38.900837,-94.739828,yes
SRR10036056,38.93288,-94.69652,yes
SRR10036057,38.956451,-94.560134,yes
SRR10036058,38.93288,-94.69652,yes
SRR10036059,38.93288,-94.69652,yes
SRR10036060,38.92075,-94.699529,yes
SRR10036061,38.92075,-94.699529,yes
SRR10036062,38.92075,-94.699529,no
SRR10036063,38.925804,-94.697055,yes
SRR10036064,38.925804,-94.697055,yes
SRR10036065,38.925804,-94.697055,no
SRR10036066,38.857594,-94.7882,no
SRR10036067,38.857594,-94.7882,no
SRR10036068,38.956451,-94.560134,yes
SRR10036069,38.857594,-94.7882,no
SRR10036070,38.818864,-94.778833,yes
SRR10036071,38.818864,-94.778833,no
SRR10036072,38.818864,-94.778833,yes
SRR10036073,38.813318,-94.670967,yes
SRR10036074,38.813318,-94.670967,yes
SRR10036075,38.813318,-94.670967,yes
SRR10036076,38.842448,-94.612554,yes
SRR10036077,38.842448,-94.612554,yes
SRR10036078,38.842448,-94.612554,yes
SRR10036079,38.952958,-94.563948,yes
SRR10036080,38.854923,-94.615853,yes
SRR10036081,38.854923,-94.615853,yes
SRR10036082,38.854923,-94.615853,yes
SRR10036083,38.891412,-94.583257,yes
SRR10036084,38.891412,-94.583257,no
SRR10036085,38.891412,-94.583257,yes
SRR10036086,38.939143,-94.561442,yes
SRR10036087,38.939143,-94.561442,yes
SRR10036088,38.939143,-94.561442,yes
SRR10036089,38.903159,-94.578199,yes
SRR10036090,38.952958,-94.563948,yes
SRR10036091,38.952958,-94.563948,yes
SRR9658105,42.39651,-85.40936,no
SRR9658106,42.39651,-85.40936,no
SRR9658107,42.76324,-84.405,no
SRR9658109,42.39651,-85.40936,no
SRR9658110,42.39651,-85.40936,no
SRR9658111,42.39651,-85.40936,no
SRR9658112,42.39651,-85.40936,no
SRR9658113,42.41803,-85.44348,no
SRR9658114,42.41803,-85.44348,no
SRR9658115,42.41803,-85.44348,no
SRR9658116,42.35212,-85.38545,no
SRR9658117,42.76324,-84.405,no
SRR9658118,42.76324,-84.405,no
SRR9658119,42.76324,-84.405,no
SRR9658120,42.76324,-84.405,no
SRR9658121,42.39651,-85.40936,no
SRR9658122,42.39757,-85.38536,no
SRR9658123,42.39757,-85.38536,no
SRR9658124,42.39757,-85.38536,no
SRR9658125,42.39757,-85.38536,no
SRR9658126,42.39757,-85.38536,no
SRR9658127,42.39757,-85.38536,no
SRR9658128,42.56518,-85.61352,no
SRR9658129,42.39757,-85.38536,no
SRR9658130,42.35212,-85.38545,no
SRR9658131,42.56518,-85.61352,no
SRR9658132,42.39651,-85.40936,no
SRR9658133,42.68079,-84.4871,no
SRR9658134,42.68079,-84.4871,no
SRR9658135,42.17991,-85.11844,no
SRR9658136,42.67928,-84.4849,no
SRR9658137,42.52346,-83.666,no
SRR9658138,42.52346,-83.666,no
SRR9658139,42.68079,-84.4871,no
SRR9658140,42.68059,-84.4831,no
SRR9658141,42.52346,-83.666,no
SRR9658142,42.52346,-83.666,no
SRR9658143,42.39651,-85.40936,no
SRR9658144,42.39651,-85.40936,no
SRR9658145,42.20619,-83.5666,no
SRR9658146,42.42421,-85.85677,no
SRR9658147,42.42421,-85.85677,no
SRR9658148,42.42421,-85.85677,no
SRR9658149,42.64643,-85.50279,no
SRR9658150,42.39651,-85.40936,no
SRR9658151,42.39651,-85.40936,no
DRR151115,35.027207,135.689977,no
DRR151114,35.027207,135.689976,no
SRR9302958,27.71,100.78,yes
SRR9302959,24.48,102.88,yes
SRR9302960,24.57,102.89,yes
SRR9302961,25.9,100.15,yes
SRR9302962,25.94,100.16,yes
SRR9302963,24.36,102.79,yes
SRR9302964,24.38,102.78,no
SRR9302965,24.95,102.66,yes
SRR9302966,24.96,102.65,no
SRR9289416,41.6642,-87.5375,no
SRR9289418,41.6656,-87.5497,yes
SRR9214414,48.616034,14.676594,yes
SRR9214415,48.616034,14.676594,yes
SRR9199084,48.616034,14.676594,yes
SRR9214417,48.616034,14.676594,yes
SRR9214418,48.616034,14.676594,yes
SRR9061263,39.11049,117.7274,no
SRR9061264,39.27763,117.5778,yes
SRR9061265,39.38984,117.5044,yes
SRR9061266,40.1023,116.7319,no
SRR9061267,40.04623,116.7651,no
SRR9061268,39.97084,116.7628,yes
SRR9061269,39.90758,116.7813,yes
SRR9061270,39.90758,116.7813,no
SRR9061271,39.97084,116.7628,yes
SRR9061272,39.90604,116.7613,yes
SRR9061273,40.33768,116.7958,yes
SRR9061274,40.12949,116.6711,no
SRR9061275,40.694,117.1617,no
SRR9061276,40.34758,116.8168,yes
SRR9061277,40.36955,116.8359,yes
SRR9061278,40.65039,117.1777,yes
SRR9061279,40.61254,116.7956,yes
SRR9061280,40.63165,116.775,no
SRR9061281,40.68011,117.1267,yes
SRR9061282,40.56488,116.8022,no
SRR9061283,40.40766,116.8471,yes
SRR9061284,39.15497,117.6609,yes
SRR9061285,39.15863,117.6434,no
SRR9061286,40.1023,116.7319,yes
SRR9061287,40.04623,116.7651,yes
SRR9061288,40.12949,116.6711,yes
SRR9061289,40.34758,116.8168,yes
SRR9061290,40.56488,116.8022,yes
SRR9061291,40.61254,116.7956,yes
SRR9061292,40.63165,116.775,yes
SRR9061293,40.65438,116.775,yes
SRR9061294,40.694,117.1617,no
SRR9061295,40.68011,117.1267,no
SRR9061296,40.36955,116.8359,yes
SRR9061297,40.40766,116.8471,yes
SRR9061298,39.47033,117.479,yes
SRR9061299,40.65039,117.1777,yes
SRR9061300,40.43775,116.9959,yes
SRR9061301,40.39061,116.9106,yes
SRR9061302,39.76123,117.1858,yes
SRR9061303,39.71022,117.2088,no
SRR9061304,39.67972,117.2903,yes
SRR9061305,39.60959,117.3882,yes
SRR9061306,40.34765,116.8369,yes
SRR9061307,40.72984,116.6237,yes
SRR9061308,40.61254,116.7956,yes
SRR9061309,40.40766,116.8471,yes
SRR9061310,40.34765,116.8369,yes
SRR9061311,40.72984,116.6237,no
SRR9061312,40.65438,116.775,no
SRR9061313,40.63165,116.775,no
SRR9061314,39.60959,117.3882,no
SRR9061315,39.47033,117.479,yes
SRR9061316,40.65039,117.1777,no
SRR9061317,40.43775,116.9959,yes
SRR9061318,39.73796,117.1294,yes
SRR9061319,39.78488,116.9725,no
SRR9061320,39.15497,117.6609,no
SRR9061321,39.15863,117.6434,no
SRR9061322,40.68011,117.1267,no
SRR9061323,40.36955,116.8359,no
SRR9061324,40.33768,116.7958,yes
SRR9061325,40.34758,116.8168,yes
SRR9061326,40.04623,116.7651,no
SRR9061327,40.1023,116.7319,yes
SRR9061328,39.27763,117.5778,yes
SRR9061329,39.90758,116.7813,no
SRR9061330,39.76123,117.1858,yes
SRR9061331,39.71022,117.2088,no
SRR9061332,39.27763,117.5778,no
SRR9061333,39.15863,117.6434,yes
SRR9061334,39.15497,117.6609,yes
SRR9061335,39.11049,117.7274,no
SRR9061336,39.90604,116.7613,no
SRR9061337,39.85734,116.8424,yes
SRR9061338,39.78488,116.9725,no
SRR9061339,39.73796,117.1294,yes
SRR9061340,39.47033,117.479,yes
SRR9061341,40.43775,116.9959,yes
SRR9061342,39.85734,116.8424,no
SRR9061343,39.78488,116.9725,yes
SRR9061344,39.11049,117.7274,no
SRR9061345,39.90604,116.7613,no
SRR9061346,39.67972,117.2903,no
SRR9061347,39.60959,117.3882,no
SRR9061348,39.73796,117.1294,yes
SRR9061349,39.76123,117.1858,yes
SRR9061350,39.38984,117.5044,yes
SRR9061351,39.90758,116.7813,yes
SRR9061352,39.97084,116.7628,yes
SRR9061353,40.04623,116.7651,yes
SRR9061354,40.1023,116.7319,no
SRR9061355,40.12949,116.6711,no
SRR9061356,40.33768,116.7958,no
SRR9061357,40.34758,116.8168,no
SRR9061358,40.72984,116.6237,yes
SRR9061359,40.34765,116.8369,no
SRR9061360,39.71022,117.2088,no
SRR9061361,39.67972,117.2903,no
SRR9061362,39.27763,117.5778,yes
SRR9061363,39.15863,117.6434,yes
SRR9061364,39.11049,117.7274,yes
SRR9061365,39.90604,116.7613,yes
SRR9061366,39.85734,116.8424,no
SRR9061367,39.78488,116.9725,yes
SRR9061368,39.73796,117.1294,no
SRR9061369,39.76123,117.1858,no
SRR9061370,40.34765,116.8369,no
SRR9061371,40.39061,116.9106,no
SRR9061372,40.65438,116.775,no
SRR9061373,40.72984,116.6237,yes
SRR9061374,39.47033,117.479,yes
SRR9061375,39.60959,117.3882,yes
SRR9061376,40.43775,116.9959,yes
SRR8894378,24.541,102.895,yes
SRR8894379,24.541,102.895,yes
SRR8894380,24.541,102.895,yes
SRR8894381,24.541,102.895,yes
SRR8894382,24.541,102.895,yes
SRR8870486,28.627552,77.253977,no
SRR8870488,28.627552,77.253977,no
SRR8837834,53.7,109.11,no
SRR8837835,53.7,109.11,no
SRR8837836,53.93,109.03,no
SRR8837837,53.93,109.03,no
SRR8837838,53.9,109.07,no
SRR8837839,53.9,109.07,no
SRR8837840,53.71,109.07,no
SRR8837841,53.71,109.07,no
SRR8837842,53.96,109.17,no
SRR8837843,53.96,109.17,no
SRR8837844,52.14,105.78,no
SRR8837845,52.14,105.78,no
SRR8837846,52.14,105.78,no
SRR8837847,52.14,105.78,no
SRR8837848,51.67,104.05,no
SRR8837849,51.67,104.05,no
SRR8837850,51.67,104.05,no
SRR8837851,52.14,105.78,no
SRR8837852,51.87,105.08,no
SRR8837853,51.87,105.08,no
SRR8837854,51.67,104.05,no
SRR8837855,51.87,105.08,no
SRR8837856,52.14,105.78,no
SRR8837857,52.14,105.78,no
SRR8837858,54.86,109.46,no
SRR8837859,52.37,106.29,no
SRR8837860,52.37,106.29,no
SRR8837861,52.14,105.78,no
SRR8837862,54.86,109.46,no
SRR8837863,54.86,109.46,no
SRR8837864,54.86,109.46,no
SRR8837865,54.86,109.46,no
SRR8837866,53.82,109.11,no
SRR8837867,53.82,109.16,no
SRR8837868,53.83,109.07,no
SRR8837869,53.82,109.11,no
SRR8837870,53.88,109.18,no
SRR8837871,53.83,109.07,no
SRR8837872,54.01,108.42,no
SRR8837873,53.88,109.18,no
SRR8837874,54.01,108.42,no
SRR8837875,54.01,108.42,no
SRR8837876,53.66,109.08,no
SRR8837877,53.66,109.08,no
SRR8837878,53.69,109.14,no
SRR8837879,53.69,109.14,no
SRR8837880,53.77,109.12,no
SRR8837881,53.77,109.12,no
SRR8837882,53.77,109.07,no
SRR8837883,53.77,109.07,no
SRR8837884,53.77,109.15,no
SRR8837885,53.82,109.16,no
SRR8837886,53.5,108.79,no
SRR8837887,53.5,108.79,no
SRR8837888,53.5,108.79,no
SRR8837889,53.5,108.79,no
SRR8837890,53.5,108.79,no
SRR8837891,53.5,108.79,no
SRR8837892,53.54,108.87,no
SRR8837893,53.54,108.87,no
SRR8837894,53.54,108.87,no
SRR8837895,53.54,108.87,no
SRR8837896,51.67,104.05,no
SRR8837897,53.33,107.5,no
SRR8837898,53.33,107.5,no
SRR8837899,53.33,107.5,no
SRR8837900,53.33,107.5,no
SRR8837901,53.33,107.5,no
SRR8837902,53.46,108.04,no
SRR8837903,53.46,108.04,no
SRR8837904,53.46,108.04,no
SRR8837905,53.33,107.5,no
SRR8837906,53.33,107.5,no
SRR8837907,54.01,108.42,no
SRR8837908,54.01,108.42,no
SRR8837909,54.01,108.42,no
SRR8837910,54.01,108.42,no
SRR8837911,54.01,108.42,no
SRR8837912,53.46,108.04,no
SRR8837913,53.46,108.04,no
SRR8837914,53.46,108.04,no
SRR8837915,53.46,108.04,no
SRR8837916,53.46,108.04,no
SRR8837917,54.86,109.46,no
SRR8837918,54.86,109.46,no
SRR8837919,54.86,109.46,no
SRR8837920,54.86,109.46,no
SRR8837921,54.86,109.46,no
SRR8837922,54.86,109.46,no
SRR8837923,52.82,107.15,no
SRR8837924,52.82,107.15,no
SRR8837925,52.4,106.84,no
SRR8837926,52.4,106.84,no
SRR8837927,52.82,107.15,no
SRR8837928,52.82,107.15,no
SRR8837929,52.82,107.15,no
SRR8837930,52.82,107.15,no
SRR8837931,53.13,106.95,no
SRR8837932,53.13,106.95,no
SRR8837933,53.13,106.95,no
SRR8837934,53.13,106.95,no
SRR8837935,53.33,107.5,no
SRR8837936,53.13,106.95,no
SRR8837937,51.87,105.08,no
SRR8837938,51.87,105.08,no
SRR8837939,51.67,104.05,no
SRR8837940,51.67,104.05,no
SRR8837941,51.67,104.05,no
SRR8837942,51.67,104.05,no
SRR8837943,51.87,105.08,no
SRR8837944,51.87,105.08,no
SRR8837945,51.67,104.05,no
SRR8837946,51.87,105.08,no
SRR8675718,5.531166667,5.701194444,no
SRR8675719,5.532916667,5.6485,no
SRR8675720,5.512361111,5.747027778,no
SRR8675721,5.540916667,5.628305556,no
SRR8675722,5.51275,5.733194445,no
SRR8675723,5.511555556,5.745583333,no
SRR8675724,5.529722222,5.700972222,no
SRR8675725,5.530944445,5.701194444,no
SRR8675726,5.540916667,5.628305556,no
SRR8675727,5.538138889,5.66525,no
SRR8675728,5.532916667,5.6485,no
SRR8675729,5.531166667,5.701194444,no
SRR8675730,5.530944445,5.701194444,no
SRR8675731,5.529722222,5.700972222,no
SRR8675732,5.51275,5.733194445,no
SRR8675733,5.538138889,5.66525,no
SRR8675734,5.540916667,5.628305556,no
SRR8675735,5.512361111,5.747027778,no
SRR8675736,5.51275,5.733194445,no
SRR8675737,5.538138889,5.66525,no
SRR8675738,5.529722222,5.700972222,no
SRR8675739,5.511555556,5.745583333,no
SRR8675740,5.532916667,5.6485,no
SRR8675741,5.530944445,5.701194444,no
SRR8675742,5.529722222,5.700972222,no
SRR8675743,5.511555556,5.745583333,no
SRR8675744,5.538138889,5.66525,no
SRR8675745,5.540916667,5.628305556,no
SRR8675746,5.511555556,5.745583333,no
SRR8675747,5.51275,5.733194445,no
SRR8675748,5.531166667,5.701194444,no
SRR8675749,5.530944445,5.701194444,no
SRR8675750,5.512361111,5.747027778,no
SRR8675751,5.532916667,5.6485,no
SRR8561390,51.7874,104.9391,yes
SRR8561391,51.7874,104.9391,yes
SRR8517158,49.77,-93.82,yes
SRR8517159,49.77,-93.82,yes
SRR8517160,49.69,-93.69,yes
SRR8517161,49.69,-93.69,yes
SRR8517162,49.69,-93.69,no
SRR8517163,49.69,-93.69,yes
SRR8369884,23.1037,113.3014,yes
SRR8369885,23.1037,113.301,yes
SRR8369886,23.1037,113.3012,yes
SRR8369887,23.1037,113.3008,yes
SRR8209851,22.5121,88.3637,no
SRR8209852,22.5121,88.3637,yes
SRR8191144,41.384,-82.513,no
SRR8191145,41.384,-82.513,no
SRR8146599,66.753112,32.7842,no
SRR8126707,38.91,-76.96,no
SRR8126708,38.91,-76.96,no
SRR8126709,38.91,-76.96,no
SRR8126710,38.91,-76.96,no
SRR8126711,38.91,-76.96,no
SRR8126712,38.91,-76.96,yes
SRR8126713,38.91,-76.96,no
SRR8126714,38.91,-76.96,no
SRR8126715,38.91,-76.96,no
SRR8126716,38.91,-76.96,no
SRR8126717,38.91,-76.96,no
SRR8126718,38.91,-76.96,no
SRR8126719,38.91,-76.96,no
SRR8126720,38.91,-76.96,no
SRR8126721,38.91,-76.96,no
SRR8126722,38.91,-76.96,no
SRR8126723,38.91,-76.96,no
SRR8126724,38.91,-76.96,no
SRR8126725,38.91,-76.96,yes
SRR8126726,38.91,-76.96,no
SRR8126727,38.91,-76.96,no
SRR8126728,38.91,-76.96,no
SRR8126729,38.91,-76.96,no
SRR8126730,38.91,-76.96,no
SRR8126731,38.91,-76.96,yes
SRR8126732,38.91,-76.96,no
SRR8126733,38.91,-76.96,no
SRR8126734,38.91,-76.96,no
SRR8126735,38.91,-76.96,no
SRR8126736,38.91,-76.96,no
SRR8126737,38.91,-76.96,no
SRR8126738,38.91,-76.96,no
SRR8075934,34.261117,-83.950069,no
SRR8075935,34.261117,-83.950069,yes
SRR8075936,34.261117,-83.950069,no
SRR8075938,34.261117,-83.950069,yes
SRR8075940,29.718121,-84.888527,no
SRR8075941,31.66294,-85.062168,yes
SRR8075942,29.718121,-84.888527,no
SRR8075943,29.718121,-84.888527,no
SRR8075944,29.719072,-84.981177,no
SRR8075946,29.719072,-84.981177,no
SRR8075947,29.719072,-84.981177,yes
SRR8075948,31.66294,-85.062168,no
SRR8075949,31.66294,-85.062168,yes
SRR8075950,34.261117,-83.950069,yes
SRR8075952,32.933463,-85.19634,yes
SRR8075953,32.933463,-85.19634,yes
SRR8075954,34.261117,-83.950069,yes
SRR8075955,29.719072,-84.981177,yes
SRR8075958,34.261117,-83.950069,no
SRR8075960,32.664624,-85.087393,yes
SRR8075961,34.261117,-83.950069,yes
SRR8075962,32.664624,-85.087393,yes
SRR8075963,32.664624,-85.087393,yes
SRR8075964,31.66294,-85.062168,yes
SRR8075965,32.664624,-85.087393,yes
SRR8075975,34.261117,-83.950069,yes
SRR8075976,34.261117,-83.950069,yes
SRR8075977,31.66294,-85.062168,yes
SRR8075978,32.933463,-85.19634,yes
SRR8075979,29.718121,-84.888527,no
SRR8075980,31.66294,-85.062168,yes
SRR8075982,34.261117,-83.950069,yes
SRR8075983,34.261117,-83.950069,yes
SRR8075984,34.261117,-83.950069,yes
SRR8075985,30.743083,-84.858652,yes
SRR8075986,30.743083,-84.858652,yes
SRR8075987,30.743083,-84.858652,yes
SRR8075988,30.743083,-84.858652,yes
SRR8075989,32.933463,-85.19634,no
SRR8075990,32.933463,-85.19634,yes
SRR8075991,30.743083,-84.858652,yes
SRR8075992,32.664624,-85.087393,yes
SRR8075993,31.66294,-85.062168,yes
SRR7877878,31.76,-106.48,no
SRR7877879,31.76,-106.48,no
SRR7877880,31.76,-106.48,no
SRR7877881,31.76,-106.48,no
SRR7877882,31.76,-106.48,no
SRR7877883,31.76,-106.48,no
SRR7877884,37.87,-122.25,no
SRR7877885,31.76,-106.48,no
SRR7877886,31.76,-106.49,no
SRR7877887,31.76,-106.48,no
SRR7877888,31.76,-106.48,no
SRR7877889,31.76,-106.48,no
SRR7877890,31.76,-106.48,no
SRR7514472,58.778056,-111.338851,no
SRR7514473,58.778056,-111.338851,no
SRR7514474,58.778056,-111.338851,no
SRR7514475,58.778056,-111.338851,no
SRR7514476,58.778056,-111.338851,no
SRR7514477,58.778056,-111.338851,no
SRR7514478,58.778056,-111.338851,yes
SRR7514479,58.778056,-111.338851,no
SRR7514480,58.778056,-111.338851,no
SRR7514481,58.778056,-111.338851,no
SRR7514482,58.778056,-111.338851,no
SRR7514483,58.778056,-111.338851,yes
SRR7514484,58.778056,-111.338851,yes
SRR7514485,58.778056,-111.338851,no
SRR7514486,58.778056,-111.338851,no
SRR7514487,58.778056,-111.338851,no
SRR7514488,58.778056,-111.338851,no
SRR7514489,58.778056,-111.338851,no
SRR7514490,58.778056,-111.338851,no
SRR7514491,58.778056,-111.338851,no
SRR7514492,58.778056,-111.338851,no
SRR7514493,58.778056,-111.338851,no
SRR7514494,58.778056,-111.338851,no
SRR7514495,58.778056,-111.338851,no
SRR7514496,58.778056,-111.338851,yes
SRR7514497,58.778056,-111.338851,no
SRR7514498,58.778056,-111.338851,no
SRR7514499,58.778056,-111.338851,yes
SRR7514500,58.778056,-111.338851,no
SRR7514501,58.778056,-111.338851,no
SRR7514502,58.778056,-111.338851,no
SRR7514503,58.778056,-111.338851,no
SRR7514504,58.778056,-111.338851,yes
SRR7514505,58.778056,-111.338851,no
SRR7514506,58.778056,-111.338851,yes
SRR7514507,58.778056,-111.338851,no
SRR7514508,58.778056,-111.338851,yes
SRR7514509,58.778056,-111.338851,no
SRR7514510,58.778056,-111.338851,no
SRR7514511,58.778056,-111.338851,no
SRR7514512,58.778056,-111.338851,no
SRR7514513,58.778056,-111.338851,yes
SRR7514514,58.778056,-111.338851,no
SRR7514515,58.778056,-111.338851,no
SRR7468254,58.778056,-111.338851,yes
SRR7468255,58.778056,-111.338851,no
SRR7468256,58.778056,-111.338851,no
SRR7468257,58.778056,-111.338851,no
SRR7468258,58.778056,-111.338851,no
SRR7468259,58.778056,-111.338851,no
SRR7468260,58.778056,-111.338851,no
SRR7468261,58.778056,-111.338851,no
SRR7468262,58.778056,-111.338851,no
SRR7468263,58.778056,-111.338851,yes
SRR7468264,58.778056,-111.338851,no
SRR7468265,58.778056,-111.338851,yes
SRR7468266,58.778056,-111.338851,no
SRR7468267,58.778056,-111.338851,no
SRR7468268,58.778056,-111.338851,no
SRR7468269,58.778056,-111.338851,no
SRR7468270,58.778056,-111.338851,no
SRR7468271,58.778056,-111.338851,no
SRR7468272,58.778056,-111.338851,no
SRR7468273,58.778056,-111.338851,no
SRR7468274,58.778056,-111.338851,no
SRR7468275,58.778056,-111.338851,no
SRR7468276,58.778056,-111.338851,no
SRR7468277,58.778056,-111.338851,no
SRR7468278,58.778056,-111.338851,no
SRR7468279,58.778056,-111.338851,yes
SRR7468280,58.778056,-111.338851,no
SRR7468281,58.778056,-111.338851,yes
SRR7468282,58.778056,-111.338851,no
SRR7468283,58.778056,-111.338851,no
SRR7468284,58.778056,-111.338851,no
SRR7468285,58.778056,-111.338851,no
SRR7468286,58.778056,-111.338851,no
SRR7468287,58.778056,-111.338851,no
SRR7468288,58.778056,-111.338851,no
SRR7468289,58.778056,-111.338851,no
SRR7468290,58.778056,-111.338851,no
SRR7468291,58.778056,-111.338851,no
SRR7468292,58.778056,-111.338851,no
SRR7468293,58.778056,-111.338851,no
SRR7468294,58.778056,-111.338851,no
SRR7468295,58.778056,-111.338851,no
SRR7468296,58.778056,-111.338851,no
SRR7468297,58.778056,-111.338851,no
SRR7468298,58.778056,-111.338851,no
SRR7468299,58.778056,-111.338851,no
SRR7468300,58.778056,-111.338851,no
SRR7468301,58.778056,-111.338851,no
SRR7468302,58.778056,-111.338851,yes
SRR7468303,58.778056,-111.338851,no
SRR7468304,58.778056,-111.338851,no
SRR7468305,58.778056,-111.338851,no
SRR7468306,58.778056,-111.338851,yes
SRR7468307,58.778056,-111.338851,no
SRR7468308,58.778056,-111.338851,no
SRR7468309,58.778056,-111.338851,no
SRR7468310,58.778056,-111.338851,no
SRR7468311,58.778056,-111.338851,no
SRR7468312,58.778056,-111.338851,no
SRR7468313,58.778056,-111.338851,no
SRR7468314,58.778056,-111.338851,no
SRR7369907,33.11,120.26,no
SRR7369908,33.11,120.26,yes
SRR7369909,33.11,120.26,yes
SRR7369910,33.11,120.26,yes
SRR7369911,33.11,120.26,yes
SRR7369912,33.11,120.26,no
SRR7369913,33.11,120.26,no
SRR7369914,33.11,120.26,no
SRR7369915,33.11,120.26,yes
SRR7369916,33.11,120.26,yes
SRR7369917,33.11,120.26,yes
SRR7369918,33.11,120.26,yes
SRR7369919,33.11,120.26,yes
SRR7369920,33.11,120.26,yes
SRR7369921,33.11,120.26,yes
SRR7369922,33.11,120.26,yes
SRR7369923,33.11,120.26,no
SRR7369924,33.11,120.26,yes
SRR7249133,40.41225,-104.56327,no
SRR7249134,40.41774,-104.64017,no
SRR7054680,47.3,8.57,yes
SRR7054681,47.3,8.57,yes
SRR6986807,47.23,132.05,no
SRR6986808,29.16,88.49,no
SRR6986809,31.09,121.21,yes
SRR6986810,31.12,121.26,no
SRR6986811,1.21,103.43,no
SRR6986812,47.25,132.03,no
SRR6986813,22.47,108.21,yes
SRR6986814,22.15,114.15,no
SRR6986815,29.21,111.49,yes
SRR6986816,22.43,108.19,no
SRR6986817,37.45,112.39,yes
SRR6986818,29.17,111.53,yes
SRR6986819,38.28,106.13,yes
SRR6986820,38.03,116.2,no
SRR6986821,31.14,121.29,no
SRR6986822,34.52,118.43,yes
SRR6986823,36.06,120.2,no
SRR6986824,34.55,118.41,yes
SRR6986825,31.1,121.27,yes
SRR6986826,36.04,120.19,yes
SRR6797127,47.25,132.03,yes
SRR6797128,38.54,121.38,yes
SRR6797129,39.1,117.1,yes
SRR6797130,38.03,116.2,no
SRR6797131,36.04,120.19,no
SRR6797132,34.52,118.43,yes
SRR6797133,34.15,117.11,no
SRR6797134,32.03,118.46,no
SRR6797135,31.12,121.26,no
SRR6797136,22.15,114.15,no
SRR6797137,29.17,111.53,yes
SRR6797138,34.44,113.42,no
SRR6797139,37.42,112.45,yes
SRR6797140,39.36,105.08,no
SRR6797141,22.12,113.32,no
SRR6797142,40.36,120.48,no
SRR6797143,23.1,113.18,yes
SRR6797144,22.47,108.21,yes
SRR6797145,38.28,106.13,yes
SRR6797146,30.39,104.04,no
SRR6797147,41.09,80.18,no
SRR6797148,29.16,88.49,no
SRR6797149,-26.1,28.0,no
SRR6797150,1.21,103.43,no
SRR6797151,37.25,-122.1,no
SRR6787039,48.846361,14.487639,yes
SRR6754086,48.846361,14.487639,yes
SRR6754087,48.846361,14.487639,yes
SRR6754088,48.846361,14.487639,yes
SRR6754089,48.846361,14.487639,yes
SRR6791932,48.846361,14.487639,yes
SRR6754092,48.846361,14.487639,yes
SRR6754093,48.846361,14.487639,yes
SRR6754094,48.846361,14.487639,yes
SRR6754095,48.846361,14.487639,yes
SRR6754096,48.846361,14.487639,yes
SRR6754097,48.846361,14.487639,yes
SRR6754098,48.846361,14.487639,yes
SRR6754099,48.846361,14.487639,yes
SRR6754100,48.846361,14.487639,yes
SRR6754101,48.846361,14.487639,yes
SRR6754102,48.846361,14.487639,yes
SRR6754103,48.846361,14.487639,yes
SRR6475630,47.3,8.57,no
SRR6475631,47.3,8.57,yes
SRR6475632,47.3,8.57,yes
SRR6475633,47.3,8.57,yes
SRR6470656,31.22,120.19,no
SRR6470657,31.28,120.16,no
SRR6470658,31.22,120.18,no
SRR6470659,31.22,120.17,no
SRR6470660,31.28,120.18,no
SRR6470661,31.15,120.15,no
SRR6470662,31.28,120.17,no
SRR6470663,31.22,120.2,no
SRR6470664,31.28,120.2,no
SRR6470665,31.28,120.19,no
SRR6470666,31.28,120.15,no
SRR6470667,31.22,120.16,no
SRR6470668,31.22,120.14,no
SRR6470669,31.28,120.1,no
SRR6470670,31.28,120.11,no
SRR6470671,31.18,119.57,no
SRR6470672,31.22,120.15,no
SRR6470673,31.28,120.12,no
SRR6470674,31.28,120.14,no
SRR6470675,31.28,120.13,no
SRR6470676,31.32,120.15,no
SRR6470677,31.28,120.21,no
SRR6470678,31.32,120.13,no
SRR6470679,31.32,120.14,no
SRR6470680,31.32,120.16,no
SRR6470681,31.32,120.17,no
SRR6466468,22.72,113.6,no
SRR6466469,23.16,112.83,no
SRR6466470,23.17,112.77,no
SRR6466471,23.69,113.01,yes
SRR6423776,1.34,103.92,no
SRR6423777,1.4,103.81,yes
SRR6423778,1.34,103.83,no
SRR6423779,1.34,103.915,no
SRR6423780,1.39,103.91,no
SRR6423781,1.41,103.72,no
SRR6423782,1.4,103.79,no
SRR6423783,1.4,103.8,no
SRR6423784,1.34,103.831,no
SRR6423785,1.34,103.914,no
SRR6423786,1.29,103.841,no
SRR6423787,1.29,103.861,no
SRR6423788,1.4,103.791,no
SRR6423789,1.4,103.801,yes
SRR6423790,1.34,103.921,no
SRR6423791,1.41,103.731,yes
SRR6423792,1.39,103.911,no
SRR6423793,1.32,103.871,no
SRR6423794,1.3,103.891,no
SRR6423795,1.39,103.921,yes
SRR6423796,1.38,103.911,no
SRR6423797,1.381,103.916,no
SRR6423798,1.38,103.921,no
SRR6423799,1.31,103.721,no
SRR6423800,1.42,103.721,no
SRR6423801,1.4,103.811,no
SRR6423802,1.42,103.72,yes
SRR6423803,1.31,103.72,yes
SRR6423804,1.38,103.92,yes
SRR6423805,1.381,103.915,no
SRR6423806,1.38,103.91,yes
SRR6423807,1.39,103.92,yes
SRR6423808,1.3,103.89,no
SRR6423809,1.32,103.87,no
SRR6423810,1.29,103.84,no
SRR6423811,1.29,103.86,yes
SRR2989666,25.84,100.18,no
SRR2989665,25.91,100.15,no
SRR2989663,24.72,102.64,no
SRR2989662,24.75,102.63,no
SRR2989661,24.77,102.69,no
SRR2989660,24.86,102.71,no
SRR2989659,24.89,102.72,no
SRR2989658,24.93,102.66,no
SRR2989656,24.72,102.64,no
SRR2989654,24.75,102.63,no
SRR2989653,24.77,102.69,no
SRR2989652,24.86,102.71,no
SRR2989651,24.89,102.72,no
SRR2989584,24.93,102.66,no
SRR2990523,25.65,100.24,no
SRR2990522,25.7,100.24,no
SRR2990505,25.75,100.19,no
SRR2990504,25.8,100.15,no
SRR2990503,25.84,100.18,no
SRR2990502,25.91,100.15,no
SRR2989722,25.65,100.24,no
SRR2989721,25.7,100.24,no
SRR2989684,25.75,100.19,no
SRR2989683,25.8,100.15,no
SRR2962531,25.65,100.24,no
SRR2962530,25.7,100.24,no
SRR2962529,25.75,100.19,no
SRR2962526,25.8,100.15,no
SRR2962524,25.84,100.18,no
SRR2962523,25.91,100.15,no
SRR2962522,25.65,100.24,no
SRR2962521,25.7,100.24,no
SRR2962520,25.75,100.19,no
SRR2962519,25.8,100.15,no
SRR2962518,25.84,100.18,no
SRR2962517,25.91,100.15,no
SRR2962516,24.72,102.64,no
SRR2962511,24.75,102.63,no
SRR2962507,24.77,102.69,no
SRR2962506,24.86,102.71,no
SRR2962505,24.89,102.72,no
SRR2962504,24.93,102.66,no
SRR2962503,24.72,102.64,no
SRR2962502,24.75,102.63,no
SRR2962501,24.77,102.69,no
SRR2962500,24.86,102.71,no
SRR2962498,24.89,102.72,no
SRR2962224,24.93,102.66,no
SRR2082964,42.87,-79.43,no
SRR1522974,-36.36,-48.17,yes
SRR1522973,-11.83,-36.75,yes
SRR1522971,-50.96,-19.76,yes
SRR1522964,-12.46,-31.3,yes
SRR1518285,-8.03,-54.69,no
SRR1515032,-7.45,-13.91,no
SRR1514963,-3.86,-23.04,yes
SRR6321504,22.5628,113.9659,no
SRR6321499,22.5628,113.9659,no
SRR6317135,22.5628,113.9659,no
SRR6317132,22.5628,113.9659,no
SRR6262235,24.82,118.16,yes
SRR6262236,24.82,118.16,yes
SRR6262237,24.82,118.16,yes
SRR6262238,24.82,118.16,yes
SRR6262239,24.82,118.16,yes
SRR6262240,24.82,118.16,yes
SRR6262241,24.82,118.16,yes
SRR6262242,24.82,118.16,yes
SRR6262243,24.82,118.16,yes
SRR6262244,24.82,118.16,yes
SRR6262245,24.82,118.16,yes
SRR6262246,24.82,118.16,yes
SRR6237650,42.43592,-71.14935,yes
SRR6237655,42.43592,-71.14935,no
SRR6201526,41.77,-81.73,yes
SRR6201524,41.77,-81.73,yes
SRR6201002,43.099444,-89.404444,yes
SRR6197918,43.099444,-89.404444,yes
SRR5997540,1.42,103.72,no
SRR5997541,1.31,103.72,no
SRR5997542,1.29,103.84,no
SRR5997543,1.29,103.86,yes
SRR5997544,1.3,103.89,no
SRR5997545,1.32,103.87,no
SRR5997546,1.38,103.91,no
SRR5997547,1.39,103.92,yes
SRR5997548,1.38,103.92,no
SRR5997549,1.381,103.915,no
SRR5997550,1.391,103.86,no
SRR5997551,1.41,103.73,no
SRR5997552,1.41,103.72,no
SRR5896114,51.7874,104.9391,yes
SRR5896115,51.7874,104.9391,yes
SRR5857879,43.2047,-79.266,no
SRR5857880,43.2052,-79.2648,no
SRR5857881,43.2043,-79.2669,no
SRR5857882,43.3698,-79.3981,no
SRR5857883,42.8723,-79.4188,no
SRR5857884,42.8722,-79.4272,no
SRR5857885,42.8744,-79.4289,no
SRR5857886,42.8754,-79.4299,no
SRR5857887,42.8638,-79.3862,no
SRR5857888,43.2047,-79.266,no
SRR5857889,43.0873,-79.2916,no
SRR5857890,42.9974,-79.0409,no
SRR5857891,42.9477,-79.3783,no
SRR5857892,43.2251,-79.1827,no
SRR5857893,43.1983,-79.2647,no
SRR5857894,43.05,-79.1326,no
SRR5857895,43.1156,-79.5665,no
SRR5857896,42.9551,-79.0159,no
SRR5857897,43.2211,-79.2258,no
SRR5857898,43.1897,-79.4969,no
SRR5857899,43.125,-79.0813,no
SRR5857900,43.0746,-79.808,no
SRR5857901,43.125,-79.0813,no
SRR5857902,43.112,-79.1756,no
SRR5857903,43.2573,-79.0866,no
SRR5857904,42.9885,-79.2663,no
SRR5857905,42.9803,-79.2853,no
SRR5857906,43.0056,-79.4823,no
SRR5857907,43.0646,-79.7947,no
SRR5857908,42.9968,-79.5662,no
SRR5857909,42.972,-79.3177,no
SRR5857910,42.8864,-78.9547,no
SRR5857911,43.0213,-79.6177,no
SRR5857912,43.0287,-79.211,no
SRR5857913,43.125,-79.0813,no
SRR5857914,42.9848,-79.2728,no
SRR5857915,42.9947,-79.2501,no
SRR5857916,43.2532,-79.1259,no
SRR5857917,42.9309,-78.9375,no
SRR5857918,43.0462,-79.123,no
SRR5857919,43.1268,-79.3959,no
SRR5857920,42.972,-79.3177,no
SRR5857921,42.9968,-79.5662,no
SRR5857922,43.1113,-79.8815,no
SRR5857923,43.1601,-79.9312,no
SRR5857924,43.0213,-79.6177,no
SRR5857925,43.0998,-79.8132,no
SRR5857926,43.0414,-79.123,no
SRR5857927,43.1268,-79.3959,no
SRR5857928,43.1613,-79.9368,no
SRR5857929,43.1707,-79.9474,no
SRR5857930,43.0575,-79.2858,no
SRR5857931,43.1519,-79.3745,no
SRR5857932,43.1333,-79.3835,no
SRR5857933,43.0838,-79.4748,no
SRR5857934,43.1342,-79.7453,no
SRR5857935,42.9968,-79.5662,no
SRR5857936,43.0213,-79.6177,no
SRR5857937,43.2162,-79.2121,no
SRR5857938,43.0274,-79.6322,no
SRR5857939,43.0745,-79.525,no
SRR5857940,43.0414,-79.123,no
SRR5857941,43.0393,-79.0821,no
SRR5857942,43.2532,-79.1259,no
SRR5857529,43.1268,-79.3959,no
SRR5857530,43.0638,-79.2749,no
SRR5857531,43.0731,-79.3093,no
SRR5857532,42.9725,-79.0184,no
SRR5857533,42.946,-79.0683,no
SRR5857534,42.9725,-79.0184,no
SRR5857535,42.946,-79.0683,no
SRR5857536,43.0998,-79.8132,no
SRR5857537,42.8481,-79.0951,no
SRR5857538,43.0638,-79.2749,no
SRR5857539,42.8381,-79.1951,no
SRR5857540,42.8721,-79.2181,no
SRR5857541,42.876,-79.2804,no
SRR5857542,43.2043,-79.2669,no
SRR5857543,43.2052,-79.2648,no
SRR5857544,43.2047,-79.266,no
SRR5857545,42.8864,-78.9547,no
SRR5857546,42.8723,-79.4188,no
SRR5857547,42.8698,-79.3981,no
SRR5857548,43.1707,-79.9474,no
SRR5857549,42.8744,-79.4289,no
SRR5857550,42.8722,-79.4272,no
SRR5857551,42.8723,-79.4188,no
SRR5857552,42.8698,-79.3981,no
SRR5857553,42.8744,-79.4289,no
SRR5857554,42.8722,-79.4272,no
SRR5857555,42.8638,-79.3862,no
SRR5857556,42.8754,-79.4299,no
SRR5857557,43.2052,-79.2648,no
SRR5857558,43.2047,-79.266,no
SRR5857559,42.8698,-79.3981,no
SRR5857560,43.2043,-79.2669,no
SRR5857561,43.0575,-79.2858,no
SRR5857562,43.0731,-79.3093,no
SRR5857563,43.0689,-79.7805,no
SRR5857564,43.0125,-79.237,no
SRR5857565,42.8748,-79.4526,no
SRR5857566,42.868,-79.3659,no
SRR5857567,43.1628,-79.8865,no
SRR5857568,43.1162,-79.2121,no
SRR5857569,43.1342,-79.7553,no
SRR5857570,43.0838,-79.4748,no
SRR5857571,42.8763,-79.0199,no
SRR5857572,43.1033,-79.2112,no
SRR5857573,43.0339,-79.0481,no
SRR5857574,42.8733,-79.2045,no
SRR5857575,43.2336,-79.1633,no
SRR5857576,43.125,-79.0813,no
SRR5857577,43.112,-79.1756,no
SRR5857578,43.2573,-79.0866,no
SRR5857579,43.2251,-79.1827,no
SRR5857580,43.1983,-79.2647,no
SRR5857581,43.1717,-79.3363,no
SRR5857582,42.9725,-79.0184,no
SRR5857583,42.946,-79.0683,no
SRR5857584,43.0731,-79.3093,no
SRR5857585,42.9974,-79.0409,no
SRR5857586,42.8638,-79.3862,no
SRR5857587,43.112,-79.1756,no
SRR5857588,43.1033,-79.2112,no
SRR5857589,42.8638,-79.3862,no
SRR5857590,42.8754,-79.4299,no
SRR5857591,42.8744,-79.4289,no
SRR5857592,42.8722,-79.4272,no
SRR5857593,42.918,-78.9714,no
SRR5857594,42.9309,-78.9375,no
SRR5857595,42.8721,-79.2181,no
SRR5857596,43.1997,-79.5572,no
SRR5857597,42.876,-79.2804,no
SRR5857598,43.1635,-79.3156,no
SRR5857599,42.8748,-79.4526,no
SRR5857600,42.868,-79.3659,no
SRR5857601,43.1717,-79.3363,no
SRR5857602,43.0482,-79.7423,no
SRR5857603,43.1113,-79.8815,no
SRR5857604,43.1601,-79.9312,no
SRR5857605,43.0339,-79.0481,no
SRR5857606,43.092,-79.2617,no
SRR5857607,42.8181,-79.0961,no
SRR5857608,42.8733,-79.2045,no
SRR5857609,43.1033,-79.2112,no
SRR5857610,42.8763,-79.0199,no
SRR5857611,43.1613,-79.9368,no
SRR5857612,43.1707,-79.9474,no
SRR5857613,43.1333,-79.3835,no
SRR5857614,42.9477,-79.3783,no
SRR5857615,43.1537,-79.3346,no
SRR5857616,43.1519,-79.3745,no
SRR5857617,42.8638,-79.3862,no
SRR5857618,43.0393,-79.0821,no
SRR5857619,42.8744,-79.4289,no
SRR5857620,42.8754,-79.4299,no
SRR5857621,42.8723,-79.4188,no
SRR5857622,42.8722,-79.4272,no
SRR5857623,43.2043,-79.2669,no
SRR5857624,42.8698,-79.3981,no
SRR5857625,43.2047,-79.266,no
SRR5857626,43.2052,-79.2648,no
SRR5857627,42.8754,-79.4299,no
SRR5857628,43.1913,-79.8989,no
SRR5857629,42.8638,-79.3862,no
SRR5857630,42.8754,-79.4299,no
SRR5857631,43.0875,-79.292,no
SRR5857632,43.115,-79.2748,no
SRR5857633,43.0622,-79.2936,no
SRR5857634,43.0873,-79.2916,no
SRR5857635,43.1997,-79.5572,no
SRR5857636,43.1635,-79.3156,no
SRR5857637,43.092,-79.2617,no
SRR5857638,43.0339,-79.0481,no
SRR5857639,42.9885,-79.2663,no
SRR5857640,42.9803,-79.2853,no
SRR5857641,42.9698,-79.0481,no
SRR5857642,42.8723,-79.4188,no
SRR5857643,42.8723,-79.4188,no
SRR5857644,42.9725,-79.0184,no
SRR5857645,43.0056,-79.4823,no
SRR5857646,43.0646,-79.7947,no
SRR5857647,42.991,-79.6773,no
SRR5857648,42.9806,-79.5623,no
SRR5857649,42.8722,-79.4272,no
SRR5857650,43.0274,-79.6322,no
SRR5857651,43.0075,-79.112,no
SRR5857652,43.112,-79.4216,no
SRR5857653,43.1537,-79.3346,no
SRR5857654,43.1142,-79.1396,no
SRR5857655,43.1913,-79.8989,no
SRR5857656,43.2537,-79.0955,no
SRR5857657,43.2052,-79.2648,no
SRR5857658,43.2043,-79.2669,no
SRR5857659,43.0287,-79.211,no
SRR5857660,43.2047,-79.266,no
SRR5857661,42.9848,-79.2728,no
SRR5857662,42.9947,-79.2501,no
SRR5857663,42.8733,-79.2045,no
SRR5857664,42.8763,-79.0199,no
SRR5857665,43.092,-79.2617,no
SRR5857666,43.0339,-79.0481,no
SRR5857667,42.8722,-79.4272,no
SRR5857668,42.8744,-79.4289,no
SRR5857669,42.991,-79.6773,no
SRR5857670,42.9806,-79.5623,no
SRR5857671,42.8744,-79.4289,no
SRR5857672,42.8754,-79.4299,no
SRR5857673,42.8723,-79.4188,no
SRR5857674,42.8722,-79.4272,no
SRR5857675,43.2052,-79.2648,no
SRR5857676,43.2043,-79.2669,no
SRR5857677,42.8638,-79.3862,no
SRR5857678,43.2047,-79.266,no
SRR5857679,42.8698,-79.3981,no
SRR5857680,42.8723,-79.4188,no
SRR5857681,43.2047,-79.266,no
SRR5857682,43.1519,-79.3745,no
SRR5857683,43.1333,-79.3835,no
SRR5857684,43.2052,-79.2648,no
SRR5857685,43.0575,-79.2858,no
SRR5857686,43.0622,-79.2936,no
SRR5857687,43.0638,-79.2749,no
SRR5857688,43.0875,-79.292,no
SRR5857689,42.8722,-79.4272,no
SRR5857690,43.092,-79.2617,no
SRR5857691,43.115,-79.2748,no
SRR5857692,42.9744,-79.4289,no
SRR5857693,43.0646,-79.7947,no
SRR5857694,43.0746,-79.808,no
SRR5857695,43.0482,-79.7423,no
SRR5857696,43.112,-79.1756,no
SRR5857697,42.972,-79.3177,no
SRR5857698,42.9848,-79.2728,no
SRR5857699,42.9947,-79.2501,no
SRR5857700,43.0287,-79.211,no
SRR5857701,43.0462,-79.123,no
SRR5857702,43.1874,-79.9597,no
SRR5857703,43.0689,-79.7805,no
SRR5857704,43.0125,-79.237,no
SRR5857705,43.0746,-79.808,no
SRR5857706,43.2052,-79.2648,no
SRR5857707,43.2043,-79.2669,no
SRR5857708,42.8721,-79.2181,no
SRR5857709,43.2047,-79.266,no
SRR5857710,43.2162,-79.2121,no
SRR5857711,43.1142,-79.1396,no
SRR5857712,42.8698,-79.3981,no
SRR5857713,42.8723,-79.4188,no
SRR5857714,43.0745,-79.525,no
SRR5857715,43.0274,-79.6322,no
SRR5857716,42.8754,-79.4299,no
SRR5857717,42.8648,-79.3872,no
SRR5857718,43.1268,-79.3959,no
SRR5857719,43.2532,-79.1259,no
SRR5857720,43.0393,-79.0821,no
SRR5857721,43.0414,-79.123,no
SRR5857722,43.0731,-79.3093,no
SRR5857723,43.0638,-79.2749,no
SRR5857724,43.0622,-79.2936,no
SRR5857725,43.0873,-79.2916,no
SRR5857726,43.0838,-79.4748,no
SRR5857727,43.1333,-79.3835,no
SRR5857728,43.1519,-79.3745,no
SRR5857729,43.0575,-79.2858,no
SRR5857730,43.0875,-79.292,no
SRR5857731,43.115,-79.2748,no
SRR5857732,43.2537,-79.0955,no
SRR5857733,43.2162,-79.2121,no
SRR5857734,43.1142,-79.1396,no
SRR5857735,43.1537,-79.3346,no
SRR5857736,43.112,-79.1756,no
SRR5857737,43.0075,-79.112,no
SRR5857738,43.0274,-79.6322,no
SRR5857739,43.0745,-79.525,no
SRR5857740,42.9806,-79.5623,no
SRR5857741,42.991,-79.6773,no
SRR5857742,42.9477,-79.3783,no
SRR5857743,42.946,-79.0683,no
SRR5857744,43.1638,-79.3962,no
SRR5857745,42.8754,-79.4299,no
SRR5857746,42.8733,-79.2045,no
SRR5857747,42.8643,-79.3869,no
SRR5857748,43.1033,-79.2112,no
SRR5857749,42.8763,-79.0199,no
SRR5857750,43.2573,-79.0866,no
SRR5857751,43.112,-79.1756,no
SRR5857752,43.05,-79.1326,no
SRR5857753,43.1156,-79.5665,no
SRR5857754,42.9551,-79.0159,no
SRR5857755,43.2211,-79.2258,no
SRR5857756,43.1897,-79.4969,no
SRR5857757,42.9974,-79.0409,no
SRR5857758,43.115,-79.2748,no
SRR5857759,43.0875,-79.292,no
SRR5857760,43.125,-79.0813,no
SRR5857761,43.0873,-79.2916,no
SRR5857762,43.125,-79.0813,no
SRR5857763,43.2162,-79.2321,no
SRR5857764,42.8754,-79.4299,no
SRR5857765,42.8744,-79.4289,no
SRR5857766,43.0622,-79.2936,no
SRR5857767,42.8638,-79.3862,no
SRR5857768,43.1156,-79.5665,no
SRR5857769,42.9551,-79.0159,no
SRR5857770,43.2211,-79.2258,no
SRR5857771,43.1897,-79.4969,no
SRR5857772,43.2336,-79.1633,no
SRR5857773,43.2251,-79.1827,no
SRR5857774,43.1983,-79.2647,no
SRR5857775,43.05,-79.1326,no
SRR5857776,42.9974,-79.0409,no
SRR5857777,42.9477,-79.3783,no
SRR5857778,43.1997,-79.5572,no
SRR5857779,42.918,-78.9714,no
SRR5857780,43.0482,-79.7423,no
SRR5857781,43.1635,-79.3156,no
SRR5857782,42.9885,-79.2663,no
SRR5857783,43.1717,-79.3363,no
SRR5857784,43.1983,-79.2647,no
SRR5857785,42.9803,-79.2853,no
SRR5857786,43.2336,-79.1633,no
SRR5857787,43.2251,-79.1827,no
SRR5857788,43.1628,-79.8865,no
SRR5857789,42.8723,-79.4188,no
SRR5857790,42.8698,-79.3981,no
SRR5857791,43.0745,-79.525,no
SRR5857792,43.2336,-79.1633,no
SRR5857793,43.2573,-79.0866,no
SRR5857794,43.0056,-79.4823,no
SRR5857795,42.9803,-79.2853,no
SRR5857796,42.9885,-79.2663,no
SRR5857797,43.1717,-79.3363,no
SRR5857798,43.0482,-79.7423,no
SRR5857799,43.1635,-79.3156,no
SRR5857800,43.1997,-79.5572,no
SRR5857801,42.918,-78.9714,no
SRR5857802,42.9309,-78.9375,no
SRR5857803,43.2532,-79.1259,no
SRR5857804,43.1601,-79.9312,no
SRR5857805,43.1113,-79.8815,no
SRR5857806,43.0746,-79.808,no
SRR5857807,42.8748,-79.4526,no
SRR5857808,43.0056,-79.4823,no
SRR5857809,43.0646,-79.7947,no
SRR5857810,42.876,-79.2804,no
SRR5857811,42.868,-79.3659,no
SRR5857812,42.9885,-79.2663,no
SRR5857813,42.9803,-79.2853,no
SRR5857814,43.0462,-79.123,no
SRR5857815,43.1874,-79.9597,no
SRR5857816,43.0689,-79.7805,no
SRR5857817,43.0125,-79.237,no
SRR5857818,43.0998,-79.8132,no
SRR5857819,43.1613,-79.9368,no
SRR5857820,43.112,-79.4216,no
SRR5857821,43.1537,-79.3346,no
SRR5857822,43.1142,-79.1396,no
SRR5857823,42.991,-79.6773,no
SRR5857824,43.1913,-79.8989,no
SRR5857825,43.2537,-79.0955,no
SRR5857826,43.2043,-79.2669,no
SRR5857827,43.0075,-79.112,no
SRR5857828,42.9806,-79.5623,no
SRR5857829,43.1342,-79.7453,no
SRR5857830,43.1628,-79.8865,no
SRR5857831,43.0393,-79.0821,no
SRR5857832,43.0414,-79.123,no
SRR5857833,43.1997,-79.5572,no
SRR5857834,43.1635,-79.3156,no
SRR5857835,43.0482,-79.7423,no
SRR5857836,43.1717,-79.3363,no
SRR5857837,43.1268,-79.3959,no
SRR5857838,43.2532,-79.1259,no
SRR5857839,42.9309,-78.9375,no
SRR5857840,42.918,-78.9714,no
SRR5857841,42.918,-78.9714,no
SRR5857842,42.9309,-78.9375,no
SRR5857843,43.2047,-79.266,no
SRR5857844,43.2052,-79.2648,no
SRR5857845,43.2143,-79.2769,no
SRR5857846,42.8698,-79.3981,no
SRR5857847,42.8722,-79.4272,no
SRR5857848,42.8744,-79.4289,no
SRR5857849,43.0838,-79.4748,no
SRR5857850,43.1342,-79.7453,no
SRR5857851,43.1628,-79.8865,no
SRR5857852,43.1913,-79.8989,no
SRR5857853,43.2537,-79.0955,no
SRR5857854,43.0075,-79.112,no
SRR5857855,43.1213,-79.8815,no
SRR5857856,43.1601,-79.9312,no
SRR5857857,43.1613,-79.9368,no
SRR5857858,43.1707,-79.9474,no
SRR5857859,42.8722,-79.4272,no
SRR5857860,42.8744,-79.4289,no
SRR5857861,42.8754,-79.4299,no
SRR5857862,42.8638,-79.3862,no
SRR5857863,43.2052,-79.2648,no
SRR5857864,43.2043,-79.2669,no
SRR5857865,42.8698,-79.3981,no
SRR5857866,42.8723,-79.4188,no
SRR5857867,43.2047,-79.266,no
SRR5857868,43.2043,-79.2669,no
SRR5857869,43.0287,-79.211,no
SRR5857870,42.9947,-79.2501,no
SRR5857871,42.9848,-79.2728,no
SRR5857872,42.972,-79.3177,no
SRR5857873,42.9968,-79.5662,no
SRR5857874,43.0213,-79.6177,no
SRR5857875,43.0998,-79.8132,no
SRR5857876,43.1133,-79.8815,no
SRR5857877,43.1874,-79.9597,no
SRR5857878,43.0462,-79.123,no
SRR5468149,-77.605,163.163,no
SRR5457263,41.2451,-76.9856,no
SRR5457262,41.2451,-76.9856,no
SRR5433230,46.238518,6.293545,no
SRR5432931,46.238518,6.293545,no
SRR5432762,46.238518,6.293545,yes
SRR5429806,39.02,-76.16,no
SRR5429805,39.02,-76.16,no
SRR5429799,38.08,-75.92,no
SRR5429798,39.02,-76.16,no
SRR5429797,39.02,-76.16,no
SRR5429792,38.08,-75.92,no
SRR5429791,38.08,-75.92,no
SRR5429790,38.08,-75.92,no
SRR5429784,38.08,-75.92,no
SRR5429783,38.08,-75.92,no
SRR5429782,38.08,-75.92,no
SRR5338504,39.14,-0.65,yes
SRR5278612,39.7255,20.615,no
SRR5278611,39.719,20.604,no
SRR5278610,39.7127,20.814,yes
SRR5278609,39.7255,20.615,no
SRR5278608,39.719,20.604,no
SRR5278607,39.7127,20.814,no
SRR5273183,44.376,-110.69,no
SRR5273182,44.376,-110.69,no
SRR5260500,43.1998,-86.5698,yes
SRR5260499,43.1998,-86.5698,yes
SRR5260498,43.1998,-86.5698,yes
SRR5260496,43.1998,-86.5698,yes
SRR5260495,43.1998,-86.5698,yes
SRR5260494,43.1998,-86.5698,yes
SRR5260448,43.1998,-86.5698,yes
SRR5260447,43.1998,-86.5698,yes
SRR5260446,43.1998,-86.5698,yes
SRR5227751,41.709,-83.25,no
SRR5225748,41.709,-83.25,no
SRR5214709,-1.78,29.2,no
SRR5214704,-2.0288,29.1756,no
SRR5214703,-2.0288,29.1756,no
SRR5211163,45.4091,-72.0994,yes
SRR5211153,46.8319,-72.5,yes
SRR2179960,44.99,-73.11,no
SRR2179959,44.99,-73.11,no
SRR2179958,44.99,-73.11,no
SRR2179957,44.99,-73.11,no
SRR2179956,44.99,-73.11,yes
SRR2179955,44.99,-73.11,yes
SRR2179953,44.99,-73.11,no
SRR2179954,44.99,-73.11,yes
SRR4754863,47.070833,8.316333,yes
SRR4754862,47.070833,8.316333,yes
SRR4754861,47.0925,8.4891,no
SRR4754860,47.070833,8.316333,yes
SRR4754859,47.0925,8.4891,yes
SRR4754858,47.0925,8.4891,yes
SRR4447895,36.01102240752391,-83.9738692715764,no
SRR4447894,36.01053233645578,-83.9733961969614,no
SRR4198832,39.14,-0.6499,yes
SRR4198666,39.14,-0.6499,yes
SRR4071975,15.67,120.24,no
SRR4071973,15.67,120.24,no
SRR4029424,46.041,-89.686,yes
SRR4029423,46.041,-89.686,yes
SRR4029421,46.041,-89.686,yes
SRR4029420,46.041,-89.686,yes
SRR4029419,46.041,-89.686,no
SRR4029415,46.041,-89.686,yes
SRR4029414,46.041,-89.686,yes
SRR4029412,46.041,-89.686,yes
SRR4029410,46.041,-89.686,no
SRR4029408,46.041,-89.686,no
SRR4029407,46.041,-89.686,no
SRR4029405,46.041,-89.686,yes
SRR4029403,46.041,-89.686,yes
SRR4029402,46.041,-89.686,yes
SRR4029401,46.041,-89.686,yes
SRR4029400,46.041,-89.686,yes
SRR4029398,46.041,-89.686,yes
SRR4029396,46.041,-89.686,yes
SRR4029395,46.041,-89.686,yes
SRR4029393,46.041,-89.686,no
SRR4029392,46.041,-89.686,yes
SRR4029390,46.041,-89.686,no
SRR4029389,46.041,-89.686,no
SRR4029387,46.041,-89.686,no
SRR4029386,46.041,-89.686,yes
SRR4029385,46.041,-89.686,no
SRR4029380,46.041,-89.686,yes
SRR4029377,46.041,-89.686,yes
SRR4029376,46.041,-89.686,yes
SRR4029375,46.041,-89.686,no
SRR4029374,46.041,-89.686,no
SRR4029373,46.041,-89.686,no
SRR4029372,46.041,-89.686,no
SRR4029370,46.041,-89.686,yes
SRR4029369,46.041,-89.686,yes
SRR4029365,46.041,-89.686,yes
SRR4029364,46.041,-89.686,no
SRR4029361,46.041,-89.686,no
SRR4029360,46.041,-89.686,no
SRR4029359,46.041,-89.686,yes
SRR4029124,46.041,-89.686,yes
SRR4029123,46.041,-89.686,no
SRR4029121,46.041,-89.686,yes
SRR4029120,46.041,-89.686,no
SRR4029119,46.041,-89.686,no
SRR4029118,46.041,-89.686,yes
SRR4029116,46.041,-89.686,yes
SRR4029115,46.041,-89.686,yes
SRR4029114,46.041,-89.686,no
SRR4029113,46.041,-89.686,no
SRR4029112,46.041,-89.686,no
SRR4029110,46.041,-89.686,yes
SRR4029087,46.041,-89.686,no
SRR4029086,46.041,-89.686,yes
SRR4029085,46.041,-89.686,yes
SRR4029084,46.041,-89.686,no
SRR4029083,46.041,-89.686,yes
SRR4029082,46.041,-89.686,no
SRR4029081,46.041,-89.686,no
SRR4029080,46.041,-89.686,yes
SRR4029076,46.041,-89.686,no
SRR4029074,46.041,-89.686,yes
SRR4029064,46.041,-89.686,yes
SRR4029063,46.041,-89.686,yes
SRR4029061,46.041,-89.686,no
SRR4023065,-78.445169,106.870651,no
SRR4023064,-78.445169,106.870651,no
SRR4018513,42.8638,-79.3862,no
SRR4018512,42.8638,-79.3862,no
SRR4018511,43.2043,-79.2669,no
SRR4018510,43.2043,-79.2669,no
SRR4018509,42.8723,-79.4187,no
SRR4018508,42.8698,-79.3982,no
SRR4018507,42.8746,-79.2323,no
SRR4018506,42.8746,-79.2323,no
SRR4018505,42.8723,-79.4187,no
SRR4018504,43.2052,-79.2648,yes
SRR4018503,43.2052,-79.2648,no
SRR4018502,43.2047,-79.266,no
SRR4018501,43.2047,-79.266,yes
SRR4018500,43.2043,-79.2669,no
SRR4018499,43.2043,-79.2669,no
SRR4018498,42.8722,-79.4272,yes
SRR4018497,42.8722,-79.4272,no
SRR4018496,42.8723,-79.4188,no
SRR4018495,42.8723,-79.4187,no
SRR4018494,42.8698,-79.3982,no
SRR4018493,42.8698,-79.3981,yes
SRR4018492,42.8698,-79.3982,no
SRR4018491,42.8638,-79.3862,yes
SRR4018490,42.8638,-79.3862,no
SRR4018489,43.2247,-79.6183,no
SRR4018488,43.2247,-79.6183,no
SRR4018487,42.8698,-79.3982,no
SRR4018486,42.8698,-79.3982,no
SRR4018485,42.8723,-79.4187,no
SRR4018484,42.8723,-79.4187,no
SRR4018483,43.2047,-79.266,no
SRR4018482,43.2047,-79.266,no
SRR3932153,-6.841715565434579,37.77246057987213,no
SRR1173821,38.5355,-0.2663,yes
SRR3657441,61.208142,25.113609,yes
SRR3657440,61.208142,25.113609,yes
SRR3657439,61.208142,25.113609,yes
SRR3657438,61.208142,25.113609,yes
SRR3657437,61.208142,25.113609,yes
SRR3657436,61.208142,25.113609,yes
SRR3657435,61.208142,25.113609,yes
SRR3657434,61.208142,25.113609,yes
SRR3657433,61.208142,25.113609,yes
SRR3657432,61.208142,25.113609,no
SRR3657431,61.208142,25.113609,yes
SRR3657430,61.208142,25.113609,yes
SRR3657429,61.208142,25.113609,yes
SRR3571355,34.15,-83.57,yes
SRR3571354,34.15,-83.57,yes
SRR3571293,34.15,-83.57,no
SRR3571025,34.15,-83.57,yes
SRR3570947,34.15,-83.57,no
SRR3569810,34.15,-83.57,yes
SRR3569624,34.15,-83.57,yes
SRR3569558,34.15,-83.57,no
SRR3569349,34.15,-83.57,yes
SRR3569300,34.15,-83.57,yes
SRR3568955,34.15,-83.57,yes
SRR3568916,34.15,-83.57,yes
SRR3476747,23.04,113.41,no
SRR3184724,43.92,-122.81,yes
SRR3184721,43.92,-122.81,yes
SRR3184722,43.92,-122.81,yes
SRR3184720,43.92,-122.81,yes
SRR3184719,43.92,-122.81,yes
SRR3184718,43.92,-122.81,yes
SRR3184717,43.92,-122.81,no
SRR3184716,43.92,-122.81,no
SRR3184715,43.92,-122.81,no
SRR3184714,43.92,-122.81,yes
SRR3184713,43.92,-122.81,yes
SRR3184712,43.92,-122.81,yes
SRR3184711,43.92,-122.81,yes
SRR3184710,43.92,-122.81,yes
SRR3184709,43.92,-122.81,yes
SRR3184708,43.92,-122.81,yes
SRR3184707,43.92,-122.81,yes
SRR3184745,42.23,-121.52,no
SRR3184744,41.93,-122.44,yes
SRR3184743,41.93,-122.44,yes
SRR3184741,41.93,-122.44,yes
SRR3184740,41.93,-122.44,yes
SRR3184739,41.93,-122.44,yes
SRR3184738,41.93,-122.44,yes
SRR3184737,41.97,-122.3,no
SRR3184736,41.97,-122.3,yes
SRR3184732,29.96,-95.15,yes
SRR3184731,29.96,-95.15,no
SRR3184730,29.96,-95.15,no
SRR3184706,29.96,-95.15,yes
SRR3184705,29.96,-95.15,yes
SRR3184704,29.96,-95.15,yes
SRR3098779,39.719,20.604,no
SRR3098776,39.5774,20.2547,no
SRR3098775,39.5886,20.1382,no
SRR3098772,39.719,20.604,no
SRR3098769,39.5774,20.2547,no
SRR3098767,39.5886,20.1382,yes
SRR3098764,39.719,20.604,no
SRR3098759,39.5774,20.2547,no
SRR3098756,39.5886,20.1382,no
SRR2939624,48.0177052,-122.8023445,yes
SRR1586416,40.647955,-0.738702,no
SRR2380339,41.9668,-87.637,no
SRR1582366,32.03,118.43,no
ERR5863208,47.3,8.566667,no
ERR5863206,47.3,8.566667,no
ERR5863205,47.3,8.566667,no
ERR5863204,47.3,8.566667,no
ERR5863203,48.6,14.666667,no
ERR5863202,46.683333,7.716667,no
ERR3856786,47.1008,8.4924,no
ERR2163668,59.911491,10.757933,yes
ERR2105755,59.911491,10.757933,yes
ERR2105754,59.911491,10.757933,yes
ERR2105753,59.911491,10.757933,yes
ERR2105750,59.911491,10.757933,no
ERR2105748,59.911491,10.757933,yes
ERR732064,53.382437,-1.489151,no
ERR732063,53.382437,-1.489151,no
ERR864072,46.184,-123.182,no
ERR864071,46.184,-123.182,yes
ERR700196,55.07,110.53,no
ERR700195,57.02,-111.55,no
ERR700194,51.07,-114.1,no
ERR700192,57.02,-111.55,no
ERR700200,56.97,-111.39,no
ERR700199,57.02,111.65,no
ERR700198,55.07,110.53,no
ERR700176,57.02,-111.55,no
ERR700175,57.02,-111.55,no
ERR700170,57.02,-111.55,no
ERR700167,57.02,-111.55,no
ERR700164,57.02,-111.55,no
ERR700163,57.02,-111.55,no
ERR700162,57.02,-111.55,no
ERR700161,57.02,-111.55,no
ERR700160,57.02,-111.55,no
ERR700157,57.02,-111.55,no
ERR700156,57.02,-111.55,no
ERR700155,57.02,-111.55,no
ERR700154,57.02,-111.55,no
ERR700152,51.07,-114.1,no
ERR700150,51.07,-114.1,no
ERR700147,57.02,-111.55,no
ERR700146,57.02,-111.55,no
ERR700145,57.02,-111.55,no
ERR700144,57.02,-111.55,no
